-- MySQL dump 10.13  Distrib 8.0.36, for Linux (x86_64)
--
-- Host: localhost    Database: multisport_metrics
-- ------------------------------------------------------
-- Server version	8.0.36-0ubuntu0.22.04.1

/*!40101 SET @OLD_CHARACTER_SET_CLIENT=@@CHARACTER_SET_CLIENT */;
/*!40101 SET @OLD_CHARACTER_SET_RESULTS=@@CHARACTER_SET_RESULTS */;
/*!40101 SET @OLD_COLLATION_CONNECTION=@@COLLATION_CONNECTION */;
/*!50503 SET NAMES utf8mb4 */;
/*!40103 SET @OLD_TIME_ZONE=@@TIME_ZONE */;
/*!40103 SET TIME_ZONE='+00:00' */;
/*!40014 SET @OLD_UNIQUE_CHECKS=@@UNIQUE_CHECKS, UNIQUE_CHECKS=0 */;
/*!40014 SET @OLD_FOREIGN_KEY_CHECKS=@@FOREIGN_KEY_CHECKS, FOREIGN_KEY_CHECKS=0 */;
/*!40101 SET @OLD_SQL_MODE=@@SQL_MODE, SQL_MODE='NO_AUTO_VALUE_ON_ZERO' */;
/*!40111 SET @OLD_SQL_NOTES=@@SQL_NOTES, SQL_NOTES=0 */;

--
-- Temporary view structure for view `aggregated_results`
--

DROP TABLE IF EXISTS `aggregated_results`;
/*!50001 DROP VIEW IF EXISTS `aggregated_results`*/;
SET @saved_cs_client     = @@character_set_client;
/*!50503 SET character_set_client = utf8mb4 */;
/*!50001 CREATE VIEW `aggregated_results` AS SELECT 
 1 AS `LastName`,
 1 AS `FirstName`,
 1 AS `AthleteID`,
 1 AS `Sex`,
 1 AS `Type`,
 1 AS `RaceName`,
 1 AS `RaceDate`,
 1 AS `swim_time`,
 1 AS `t1_time`,
 1 AS `bike_time`,
 1 AS `t2_time`,
 1 AS `run_time`,
 1 AS `total_time`*/;
SET character_set_client = @saved_cs_client;

--
-- Temporary view structure for view `all_legs`
--

DROP TABLE IF EXISTS `all_legs`;
/*!50001 DROP VIEW IF EXISTS `all_legs`*/;
SET @saved_cs_client     = @@character_set_client;
/*!50503 SET character_set_client = utf8mb4 */;
/*!50001 CREATE VIEW `all_legs` AS SELECT 
 1 AS `LastName`,
 1 AS `FirstName`,
 1 AS `RaceName`,
 1 AS `RaceDate`,
 1 AS `Time`,
 1 AS `LegName`,
 1 AS `Sex`*/;
SET character_set_client = @saved_cs_client;

--
-- Table structure for table `athlete`
--

DROP TABLE IF EXISTS `athlete`;
/*!40101 SET @saved_cs_client     = @@character_set_client */;
/*!50503 SET character_set_client = utf8mb4 */;
CREATE TABLE `athlete` (
  `AthleteID` char(10) NOT NULL,
  `FirstName` varchar(20) DEFAULT NULL,
  `LastName` varchar(20) DEFAULT NULL,
  `GradYear` int DEFAULT NULL,
  `Hometown` varchar(20) DEFAULT NULL,
  `Sex` enum('M','F','O') DEFAULT NULL,
  `DOB` date DEFAULT NULL,
  PRIMARY KEY (`AthleteID`)
) ENGINE=InnoDB DEFAULT CHARSET=utf8mb4 COLLATE=utf8mb4_0900_ai_ci;
/*!40101 SET character_set_client = @saved_cs_client */;

--
-- Dumping data for table `athlete`
--

LOCK TABLES `athlete` WRITE;
/*!40000 ALTER TABLE `athlete` DISABLE KEYS */;
INSERT INTO `athlete` VALUES ('0201768553','Kenny','Culbertson',NULL,NULL,'M',NULL),('0249763617','Calvin','Graves',NULL,NULL,'M',NULL),('0294994685','Jack','Quinn',2027,'Cape Elizabeth, ME','M',NULL),('0388662324','Samuel','Umidi',NULL,NULL,'M',NULL),('0599744246','Payton','Harrigal',2022,'Louisa, VA','M',NULL),('0667937186','Ryan','Schurr',NULL,NULL,'M',NULL),('0972572374','Pat','Hanlon',NULL,NULL,'M',NULL),('1448635233','Eddie','Williams',NULL,NULL,'M',NULL),('1545455861','Brogan','Dineen',NULL,NULL,'M',NULL),('1611430793','Mike','Ackerman',NULL,NULL,'M',NULL),('2006769864','Tim','Pote',NULL,NULL,'M',NULL),('2066802910','Andrew','Douglas',NULL,NULL,'M',NULL),('2114625963','Paul','Atwood',NULL,NULL,'M',NULL),('2116602935','Johnathan','Sullivan',NULL,NULL,'M',NULL),('2469716968','William','Salisbury',2026,'Falls Church, VA','M',NULL),('2552176071','Julianne','Wood',2025,'Westerly, RI','F',NULL),('2570921522','Lydia','Fox',NULL,NULL,'F',NULL),('2580865796','Laura','Sullivan',NULL,NULL,'F',NULL),('2696104754','Tommy','Doubleday',2024,'Park Ridge, IL','M',NULL),('2711430262','Ben','Stadler',NULL,NULL,'M',NULL),('2775864644','Garrett','Kemmerly',NULL,NULL,'M',NULL),('3064803113','Trevor','Sorenson',2027,'Burke, VA','M',NULL),('3167832723','Quinten','Prieur',NULL,NULL,'M',NULL),('3261298872','Zachary','Kuhn',2027,'Richmond, VA','M',NULL),('3335343328','Catie','George',NULL,NULL,'F',NULL),('3353743306','Amelia','Gay',NULL,NULL,'F',NULL),('3453171754','Emma','Nylund',2027,NULL,'F',NULL),('3608739027','Maddy','McNiff',NULL,NULL,'F',NULL),('3734421932','Brice','Biediger',2026,NULL,'M',NULL),('3761084756','Antoni','Reynolds',2025,NULL,'M',NULL),('3937274148','Chase','Stabolepszy',2025,'Great Falls, VA','M',NULL),('4401287254','Tom','Serra',NULL,NULL,'M',NULL),('464538977','Jackson','Livanec',2024,'Williamsburg, VA','M',NULL),('4764654361','Spencer','McGehee',2025,'Blacksburg, VA','M',NULL),('4922385494','Julia','Placide',NULL,NULL,'F',NULL),('4968292801','Leo','Lombardi',2024,'Richmond, VA','M',NULL),('5113544648','Yash','Sharma',2024,'Woodbridge, NJ','M',NULL),('5119278768','Jaedyn','Williams',NULL,NULL,'M',NULL),('5313622719','Craig','Hamilton',NULL,NULL,'M',NULL),('5485772096','Kennon','Downes',2025,'Mechanicsville, VA','M',NULL),('5599555021','Phillip','Sullivan',NULL,NULL,'M',NULL),('5698812619','Emerson','Heaton',NULL,NULL,'M',NULL),('5702903750','Destin','Rodgers',NULL,NULL,'M',NULL),('5713059843','Matt','Stelmokas',2025,'Belchertown, MA','M','2003-01-01'),('5774333930','Ann-Sidney','Ragsdale',2027,'Richmond, VA','F',NULL),('5788073021','Hugh','Grennan',2026,'Morristown, NJ','M',NULL),('5836497424','Reilly','Krason',NULL,NULL,'F',NULL),('6420791129','Spencer','Kearns',2026,'Moneta, VA','M',NULL),('6443831339','Khadija','ElBouchti',2024,'Lovettsville, VA','F',NULL),('6508991546','Katy','Lobeda',NULL,NULL,'F',NULL),('6874599561','Andrew','Chen',NULL,NULL,'M',NULL),('6883275876','Matt','Padgett',NULL,NULL,'M',NULL),('6927596133','William','Cabell',NULL,NULL,'M',NULL),('6993059391','Drew','Conboy',2025,'Williamsburg, VA','M',NULL),('7025345402','Evan','Donohoe',2026,'McLean, VA','M',NULL),('7119825992','Christian','White',NULL,NULL,'M',NULL),('7239494167','Jonathan \"Joota\"','Ravid',2025,'Roswell, GA','M','2003-01-01'),('7661183485','Patrick','Hedger',NULL,NULL,'M',NULL),('7663564361','Cameron','Menzies',2027,'Roswell, GA','M',NULL),('7720063701','Isaac','Lerner',NULL,NULL,'M',NULL),('7726157074','Thomas','Davis',NULL,NULL,'M',NULL),('7731450680','Jennifer','Fleming',NULL,NULL,'F',NULL),('7820315500','Joey','Rodgers',NULL,NULL,'M',NULL),('8005234325','Ladson','Walls',NULL,NULL,'M',NULL),('8104140960','Sam','Northrup',2027,'North Kingstown, RI','M',NULL),('8123611192','Katrina','Lytle',NULL,NULL,'F',NULL),('8132729710','Kyle','Brown',NULL,NULL,'M',NULL),('8214033320','Samantha','McKinnon',NULL,NULL,'F',NULL),('8292746489','Nicholas','Gardella',NULL,NULL,'M',NULL),('8337824653','Andrew','Bickford',2025,'McLean, VA','M',NULL),('8620488679','Aonghus','McGuinness',NULL,NULL,'M',NULL),('8980209414','Anna','Sullivan',2024,'Vienna, VA','F',NULL),('8990326044','Hunter','McClelland',NULL,NULL,'M',NULL),('9095138819','Cooper','Dereszynski',2027,'Fayetteville, NY','M',NULL),('9146096775','Adaline','Bisese',2025,'Buchanan, VA','F',NULL),('9170718028','Tamir','Zharmagambetov',2026,'Almaty, Kazakhstan','M',NULL),('9201241845','Dave','Kaul',NULL,NULL,'M',NULL),('9307267646','Henry','Berger',2027,NULL,'M','2004-01-01'),('9364974840','Yanlin','Du',NULL,NULL,'M',NULL),('9523120725','Cason','TeVault',2024,'Winston Salem, NC','M','2002-01-01'),('9610978013','Bobby','Lytle',NULL,NULL,'M',NULL),('9671390081','Ray','Rady',NULL,NULL,'M',NULL),('9740530843','Kelly','Smith',2026,'Clemmons, NC','F',NULL),('9750397432','Kyle','Reeder',2027,NULL,'M',NULL);
/*!40000 ALTER TABLE `athlete` ENABLE KEYS */;
UNLOCK TABLES;

--
-- Table structure for table `leg`
--

DROP TABLE IF EXISTS `leg`;
/*!40101 SET @saved_cs_client     = @@character_set_client */;
/*!50503 SET character_set_client = utf8mb4 */;
CREATE TABLE `leg` (
  `RaceName` varchar(30) NOT NULL,
  `RaceDate` date NOT NULL,
  `LegName` enum('swim','bike','run') NOT NULL,
  `Distance` float unsigned DEFAULT '0',
  `Elevation` float unsigned DEFAULT '0',
  PRIMARY KEY (`RaceName`,`RaceDate`,`LegName`),
  KEY `fk_racedate_leg_idx` (`RaceDate`),
  CONSTRAINT `fk_raceinfo` FOREIGN KEY (`RaceName`, `RaceDate`) REFERENCES `race` (`RaceName`, `RaceDate`) ON DELETE CASCADE ON UPDATE CASCADE
) ENGINE=InnoDB DEFAULT CHARSET=utf8mb4 COLLATE=utf8mb4_0900_ai_ci;
/*!40101 SET character_set_client = @saved_cs_client */;

--
-- Dumping data for table `leg`
--

LOCK TABLES `leg` WRITE;
/*!40000 ALTER TABLE `leg` DISABLE KEYS */;
INSERT INTO `leg` VALUES ('Azalea Sprint','2019-03-01','swim',300,0),('Azalea Sprint','2019-03-01','bike',12.4,0),('Azalea Sprint','2019-03-01','run',3.1,0),('Belews Lake Olympic','2020-04-01','swim',1500,1),('Belews Lake Olympic','2020-04-01','bike',24.83,0),('Belews Lake Olympic','2020-04-01','run',6.2,0),('Belews Lake Olympic','2021-04-01','swim',1500,1),('Belews Lake Olympic','2021-04-01','bike',24.8,0),('Belews Lake Olympic','2021-04-01','run',6.2,0),('Belews Lake Sprint','2020-04-01','swim',750,1),('Belews Lake Sprint','2020-04-01','bike',12.4,0),('Belews Lake Sprint','2020-04-01','run',3.1,0),('Belews Lake Sprint','2021-04-01','swim',750,1),('Belews Lake Sprint','2021-04-01','bike',12.4,0),('Belews Lake Sprint','2021-04-01','run',3.1,0),('Belews Lake Sprint','2023-05-27','swim',750,1),('Belews Lake Sprint','2023-05-27','bike',12.4,0),('Belews Lake Sprint','2023-05-27','run',3.1,0),('Blue Ridge Draft Legal','2023-10-14','swim',750,1),('Blue Ridge Draft Legal','2023-10-14','bike',12.4,0),('Blue Ridge Draft Legal','2023-10-14','run',3.1,0),('CLASH Daytona Half','2023-12-02','swim',2000,1),('CLASH Daytona Half','2023-12-02','bike',56.2,150),('CLASH Daytona Half','2023-12-02','run',13.1,50),('CLASH Daytona Sprint','2023-12-01','swim',750,1),('CLASH Daytona Sprint','2023-12-01','bike',12.4,50),('CLASH Daytona Sprint','2023-12-01','run',3.1,5),('Conferences - Draft Legal','2022-10-15','swim',750,1),('Conferences - Draft Legal','2022-10-15','bike',12.4,0),('Conferences - Draft Legal','2022-10-15','run',3.1,0),('Giant Acord Olympic','2018-03-01','swim',1500,1),('Giant Acord Olympic','2018-03-01','bike',24.8,0),('Giant Acord Olympic','2018-03-01','run',6.2,0),('Giant Acorn Olympic','2019-09-21','swim',1500,1),('Giant Acorn Olympic','2019-09-21','bike',24.8,0),('Giant Acorn Olympic','2019-09-21','run',6.2,0),('Giant Acorn Olympic','2021-09-25','swim',1500,1),('Giant Acorn Olympic','2021-09-25','bike',24.8,0),('Giant Acorn Olympic','2021-09-25','run',6.2,0),('Giant Acorn Olympic','2022-09-24','swim',1500,1),('Giant Acorn Olympic','2022-09-24','bike',24.8,0),('Giant Acorn Olympic','2022-09-24','run',6.2,0),('Giant Acorn Olympic','2023-09-23','swim',1500,1),('Giant Acorn Olympic','2023-09-23','bike',24.8,0),('Giant Acorn Olympic','2023-09-23','run',6.2,0),('Giant Acorn Sprint','2023-09-23','swim',750,1),('Giant Acorn Sprint','2023-09-23','bike',12.4,0),('Giant Acorn Sprint','2023-09-23','run',3.1,0),('Kinetic Cup Olympic','2019-10-19','swim',1500,1),('Kinetic Cup Olympic','2019-10-19','bike',24.8,0),('Kinetic Cup Olympic','2019-10-19','run',6.2,0),('Kinetic Cup Olympic','2021-10-16','swim',1500,1),('Kinetic Cup Olympic','2021-10-16','bike',24.8,0),('Kinetic Cup Olympic','2021-10-16','run',6.2,0),('Kinetic Cup Olympic','2022-10-15','swim',1500,1),('Kinetic Cup Olympic','2022-10-15','bike',24.8,0),('Kinetic Cup Olympic','2022-10-15','run',6.2,0),('Liberty Olympic','2019-03-01','swim',1500,1),('Liberty Olympic','2019-03-01','bike',24.8,0),('Liberty Olympic','2019-03-01','run',6.2,0),('Luray Olympic','2018-03-01','swim',1500,1),('Luray Olympic','2018-03-01','bike',24.8,0),('Luray Olympic','2018-03-01','run',6.2,0),('Luray Sprint','2018-03-01','swim',750,1),('Luray Sprint','2018-03-01','bike',12.4,0),('Luray Sprint','2018-03-01','run',3.1,0),('Nationals - Buford','2021-11-01','swim',750,1),('Nationals - Buford','2021-11-01','bike',24.8,0),('Nationals - Buford','2021-11-01','run',6.2,0),('Nationals - Buford GA','2023-06-01','swim',1500,1),('Nationals - Buford GA','2023-06-01','bike',24.8,0),('Nationals - Buford GA','2023-06-01','run',6.2,0),('Nationals - Tempe Olympic','2019-03-01','swim',150,1),('Nationals - Tempe Olympic','2019-03-01','bike',24.8,0),('Nationals - Tempe Olympic','2019-03-01','run',6.2,0),('Nationals Sprint - Buford GA','2023-06-01','swim',750,1),('Nationals Sprint - Buford GA','2023-06-01','bike',12.4,0),('Nationals Sprint - Buford GA','2023-06-01','run',3.1,0),('Patriots Half','2018-03-01','swim',1900,1),('Patriots Half','2018-03-01','bike',56,0),('Patriots Half','2018-03-01','run',13.1,0),('Patriots Half','2021-09-11','swim',1900,1),('Patriots Half','2021-09-11','bike',56,0),('Patriots Half','2021-09-11','run',13.1,0),('Patriots Half','2022-09-10','swim',1900,1),('Patriots Half','2022-09-10','bike',56,0),('Patriots Half','2022-09-10','run',13.1,0),('Patriots Half','2023-06-17','swim',1931,1),('Patriots Half','2023-06-17','bike',56.2,0),('Patriots Half','2023-06-17','run',13.1,0),('Patriots Olympic','2018-03-01','swim',1500,1),('Patriots Olympic','2018-03-01','bike',24.8,0),('Patriots Olympic','2018-03-01','run',6.2,0),('Patriots Olympic','2021-09-11','swim',1500,1),('Patriots Olympic','2021-09-11','bike',24.8,0),('Patriots Olympic','2021-09-11','run',6.2,0),('Patriots Olympic','2022-09-10','swim',1500,1),('Patriots Olympic','2022-09-10','bike',24.8,0),('Patriots Olympic','2022-09-10','run',6.2,0),('Patriots Olympic','2023-06-18','swim',1500,1),('Patriots Olympic','2023-06-18','bike',24.8,0),('Patriots Olympic','2023-06-18','run',6.2,0),('Patriots Sprint','2018-03-01','swim',750,1),('Patriots Sprint','2018-03-01','bike',12.4,0),('Patriots Sprint','2018-03-01','run',3.1,0),('Patriots Sprint','2019-09-07','swim',750,1),('Patriots Sprint','2019-09-07','bike',12.4,0),('Patriots Sprint','2019-09-07','run',3.1,0),('Patriots Sprint','2021-09-11','swim',750,1),('Patriots Sprint','2021-09-11','bike',12.4,0),('Patriots Sprint','2021-09-11','run',3.1,0),('Patriots Sprint','2022-09-10','swim',750,1),('Patriots Sprint','2022-09-10','bike',12.4,0),('Patriots Sprint','2022-09-10','run',3.1,0),('Patriots Sprint','2023-06-18','swim',750,1),('Patriots Sprint','2023-06-18','bike',12.4,0),('Patriots Sprint','2023-06-18','run',3.1,0),('Pleasants Landing','2023-10-07','swim',1500,1),('Pleasants Landing','2023-10-07','bike',24.8,0),('Pleasants Landing','2023-10-07','run',6.2,0),('Richmond Sprint','2019-03-01','swim',750,1),('Richmond Sprint','2019-03-01','bike',12.4,0),('Richmond Sprint','2019-03-01','run',3.1,0),('Smithfield Sprint','2023-05-03','swim',300,0),('Smithfield Sprint','2023-05-03','bike',12.4,0),('Smithfield Sprint','2023-05-03','run',3.1,0),('Tempe DL Sprint','2019-03-01','swim',750,1),('Tempe DL Sprint','2019-03-01','bike',12.4,0),('Tempe DL Sprint','2019-03-01','run',3.1,0),('Tri-at-the-Trump Sprint','2019-10-01','swim',750,1),('Tri-at-the-Trump Sprint','2019-10-01','bike',12.4,0),('Tri-at-the-Trump Sprint','2019-10-01','run',3.1,0);
/*!40000 ALTER TABLE `leg` ENABLE KEYS */;
UNLOCK TABLES;

--
-- Table structure for table `legresults`
--

DROP TABLE IF EXISTS `legresults`;
/*!40101 SET @saved_cs_client     = @@character_set_client */;
/*!50503 SET character_set_client = utf8mb4 */;
CREATE TABLE `legresults` (
  `AthleteID` char(10) NOT NULL,
  `RaceName` varchar(30) NOT NULL,
  `RaceDate` date NOT NULL,
  `LegName` enum('swim','bike','run') NOT NULL,
  `Time` float unsigned DEFAULT '0',
  PRIMARY KEY (`AthleteID`,`RaceName`,`RaceDate`,`LegName`),
  KEY `fk_racename_lr_idx` (`RaceName`),
  KEY `fk_legname_lr_idx` (`LegName`),
  KEY `fk_leginfo_idx` (`RaceName`,`RaceDate`,`LegName`),
  CONSTRAINT `fk_leginfo` FOREIGN KEY (`RaceName`, `RaceDate`, `LegName`) REFERENCES `leg` (`RaceName`, `RaceDate`, `LegName`) ON DELETE CASCADE ON UPDATE CASCADE
) ENGINE=InnoDB DEFAULT CHARSET=utf8mb4 COLLATE=utf8mb4_0900_ai_ci;
/*!40101 SET character_set_client = @saved_cs_client */;

--
-- Dumping data for table `legresults`
--

LOCK TABLES `legresults` WRITE;
/*!40000 ALTER TABLE `legresults` DISABLE KEYS */;
INSERT INTO `legresults` VALUES ('0201768553','Belews Lake Olympic','2020-04-01','swim',1451),('0201768553','Belews Lake Olympic','2020-04-01','bike',4429),('0201768553','Belews Lake Olympic','2020-04-01','run',2592),('0201768553','Belews Lake Sprint','2021-04-01','swim',599),('0201768553','Belews Lake Sprint','2021-04-01','bike',2288),('0201768553','Belews Lake Sprint','2021-04-01','run',1236),('0201768553','CLASH Daytona Half','2023-12-02','swim',1510),('0201768553','CLASH Daytona Half','2023-12-02','bike',8395),('0201768553','CLASH Daytona Half','2023-12-02','run',6794),('0201768553','Conferences - Draft Legal','2022-10-15','swim',634),('0201768553','Conferences - Draft Legal','2022-10-15','bike',1867),('0201768553','Conferences - Draft Legal','2022-10-15','run',1166),('0201768553','Giant Acord Olympic','2018-03-01','swim',1409),('0201768553','Giant Acord Olympic','2018-03-01','bike',4661),('0201768553','Giant Acord Olympic','2018-03-01','run',3353),('0201768553','Giant Acorn Olympic','2019-09-21','swim',1191),('0201768553','Giant Acorn Olympic','2019-09-21','bike',4274),('0201768553','Giant Acorn Olympic','2019-09-21','run',2521),('0201768553','Giant Acorn Olympic','2021-09-25','swim',1244),('0201768553','Giant Acorn Olympic','2021-09-25','bike',4191),('0201768553','Giant Acorn Olympic','2021-09-25','run',2341),('0201768553','Giant Acorn Olympic','2022-09-24','swim',1390),('0201768553','Giant Acorn Olympic','2022-09-24','bike',3969),('0201768553','Giant Acorn Olympic','2022-09-24','run',2372),('0201768553','Kinetic Cup Olympic','2019-10-19','swim',1249),('0201768553','Kinetic Cup Olympic','2019-10-19','bike',4178),('0201768553','Kinetic Cup Olympic','2019-10-19','run',2519),('0201768553','Kinetic Cup Olympic','2021-10-16','swim',1261),('0201768553','Kinetic Cup Olympic','2021-10-16','bike',3826),('0201768553','Kinetic Cup Olympic','2021-10-16','run',2522),('0201768553','Liberty Olympic','2019-03-01','swim',1301),('0201768553','Liberty Olympic','2019-03-01','bike',4547),('0201768553','Liberty Olympic','2019-03-01','run',2846),('0201768553','Nationals - Buford','2021-11-01','swim',623),('0201768553','Nationals - Buford','2021-11-01','bike',4549),('0201768553','Nationals - Buford','2021-11-01','run',2432),('0201768553','Nationals - Buford GA','2023-06-01','swim',1030),('0201768553','Nationals - Buford GA','2023-06-01','bike',4101),('0201768553','Nationals - Buford GA','2023-06-01','run',2514),('0201768553','Nationals - Tempe Olympic','2019-03-01','swim',1246),('0201768553','Nationals - Tempe Olympic','2019-03-01','bike',4376),('0201768553','Nationals - Tempe Olympic','2019-03-01','run',2877),('0201768553','Nationals Sprint - Buford GA','2023-06-01','swim',659),('0201768553','Nationals Sprint - Buford GA','2023-06-01','bike',1872),('0201768553','Nationals Sprint - Buford GA','2023-06-01','run',1264),('0201768553','Patriots Olympic','2021-09-11','swim',1266),('0201768553','Patriots Olympic','2021-09-11','bike',3714),('0201768553','Patriots Olympic','2021-09-11','run',2395),('0201768553','Patriots Olympic','2022-09-10','swim',672),('0201768553','Patriots Olympic','2022-09-10','bike',1971),('0201768553','Patriots Olympic','2022-09-10','run',1240),('0201768553','Richmond Sprint','2019-03-01','swim',332),('0201768553','Richmond Sprint','2019-03-01','bike',2194),('0201768553','Richmond Sprint','2019-03-01','run',1329),('0201768553','Tri-at-the-Trump Sprint','2019-10-01','swim',687),('0201768553','Tri-at-the-Trump Sprint','2019-10-01','bike',2133),('0201768553','Tri-at-the-Trump Sprint','2019-10-01','run',1232),('0249763617','Giant Acord Olympic','2018-03-01','swim',1941),('0249763617','Giant Acord Olympic','2018-03-01','bike',4482),('0249763617','Giant Acord Olympic','2018-03-01','run',2457),('0249763617','Kinetic Cup Olympic','2019-10-19','swim',1957),('0249763617','Kinetic Cup Olympic','2019-10-19','bike',4423),('0249763617','Kinetic Cup Olympic','2019-10-19','run',2991),('0249763617','Liberty Olympic','2019-03-01','swim',1816),('0249763617','Liberty Olympic','2019-03-01','bike',4607),('0249763617','Liberty Olympic','2019-03-01','run',2457),('0249763617','Nationals - Tempe Olympic','2019-03-01','swim',1795),('0249763617','Nationals - Tempe Olympic','2019-03-01','bike',4507),('0249763617','Nationals - Tempe Olympic','2019-03-01','run',2665),('0249763617','Patriots Sprint','2019-09-07','swim',906),('0249763617','Patriots Sprint','2019-09-07','bike',2152),('0249763617','Patriots Sprint','2019-09-07','run',1249),('0249763617','Tri-at-the-Trump Sprint','2019-10-01','swim',934),('0249763617','Tri-at-the-Trump Sprint','2019-10-01','bike',2228),('0249763617','Tri-at-the-Trump Sprint','2019-10-01','run',1154),('0294994685','CLASH Daytona Sprint','2023-12-01','swim',974),('0294994685','CLASH Daytona Sprint','2023-12-01','bike',2143),('0294994685','CLASH Daytona Sprint','2023-12-01','run',1510),('0294994685','Giant Acorn Olympic','2023-09-23','swim',1986),('0294994685','Giant Acorn Olympic','2023-09-23','bike',0),('0294994685','Giant Acorn Olympic','2023-09-23','run',0),('0388662324','Conferences - Draft Legal','2022-10-15','swim',768),('0388662324','Conferences - Draft Legal','2022-10-15','bike',1931),('0388662324','Conferences - Draft Legal','2022-10-15','run',1254),('0388662324','Kinetic Cup Olympic','2021-10-16','swim',1710),('0388662324','Kinetic Cup Olympic','2021-10-16','bike',4298),('0388662324','Kinetic Cup Olympic','2021-10-16','run',2789),('0388662324','Nationals - Buford','2021-11-01','swim',843),('0388662324','Nationals - Buford','2021-11-01','bike',4538),('0388662324','Nationals - Buford','2021-11-01','run',2666),('0388662324','Nationals - Buford GA','2023-06-01','swim',1331),('0388662324','Nationals - Buford GA','2023-06-01','bike',4198),('0388662324','Nationals - Buford GA','2023-06-01','run',2672),('0388662324','Patriots Olympic','2022-09-10','swim',867),('0388662324','Patriots Olympic','2022-09-10','bike',1991),('0388662324','Patriots Olympic','2022-09-10','run',1249),('0388662324','Patriots Sprint','2023-06-18','swim',877),('0388662324','Patriots Sprint','2023-06-18','bike',2827),('0388662324','Patriots Sprint','2023-06-18','run',1386),('0599744246','Belews Lake Sprint','2020-04-01','swim',800),('0599744246','Belews Lake Sprint','2020-04-01','bike',2402),('0599744246','Belews Lake Sprint','2020-04-01','run',1303),('0599744246','Giant Acorn Olympic','2019-09-21','swim',1337),('0599744246','Giant Acorn Olympic','2019-09-21','bike',4588),('0599744246','Giant Acorn Olympic','2019-09-21','run',2633),('0599744246','Giant Acorn Olympic','2021-09-25','swim',1427),('0599744246','Giant Acorn Olympic','2021-09-25','bike',4222),('0599744246','Giant Acorn Olympic','2021-09-25','run',2493),('0599744246','Kinetic Cup Olympic','2019-10-19','swim',1432),('0599744246','Kinetic Cup Olympic','2019-10-19','bike',4356),('0599744246','Kinetic Cup Olympic','2019-10-19','run',2658),('0599744246','Kinetic Cup Olympic','2021-10-16','swim',1477),('0599744246','Kinetic Cup Olympic','2021-10-16','bike',4176),('0599744246','Kinetic Cup Olympic','2021-10-16','run',2736),('0599744246','Liberty Olympic','2019-03-01','swim',1597),('0599744246','Liberty Olympic','2019-03-01','bike',4555),('0599744246','Liberty Olympic','2019-03-01','run',2827),('0599744246','Nationals - Buford','2021-11-01','swim',745),('0599744246','Nationals - Buford','2021-11-01','bike',4528),('0599744246','Nationals - Buford','2021-11-01','run',2579),('0599744246','Nationals - Tempe Olympic','2019-03-01','swim',1505),('0599744246','Nationals - Tempe Olympic','2019-03-01','bike',4414),('0599744246','Nationals - Tempe Olympic','2019-03-01','run',2936),('0599744246','Patriots Half','2021-09-11','swim',1913),('0599744246','Patriots Half','2021-09-11','bike',9505),('0599744246','Patriots Half','2021-09-11','run',5879),('0599744246','Patriots Sprint','2018-03-01','swim',802),('0599744246','Patriots Sprint','2018-03-01','bike',2237),('0599744246','Patriots Sprint','2018-03-01','run',1248),('0599744246','Richmond Sprint','2019-03-01','swim',374),('0599744246','Richmond Sprint','2019-03-01','bike',2179),('0599744246','Richmond Sprint','2019-03-01','run',1293),('0599744246','Tri-at-the-Trump Sprint','2019-10-01','swim',782),('0599744246','Tri-at-the-Trump Sprint','2019-10-01','bike',2870),('0599744246','Tri-at-the-Trump Sprint','2019-10-01','run',1259),('0667937186','Giant Acorn Olympic','2022-09-24','swim',1981),('0667937186','Giant Acorn Olympic','2022-09-24','bike',4984),('0667937186','Giant Acorn Olympic','2022-09-24','run',4110),('0667937186','Nationals - Buford GA','2023-06-01','swim',1408),('0667937186','Nationals - Buford GA','2023-06-01','bike',4731),('0667937186','Nationals - Buford GA','2023-06-01','run',3565),('0972572374','Azalea Sprint','2019-03-01','swim',325),('0972572374','Azalea Sprint','2019-03-01','bike',1753),('0972572374','Azalea Sprint','2019-03-01','run',1458),('0972572374','Kinetic Cup Olympic','2019-10-19','swim',1698),('0972572374','Kinetic Cup Olympic','2019-10-19','bike',4769),('0972572374','Kinetic Cup Olympic','2019-10-19','run',2842),('0972572374','Kinetic Cup Olympic','2021-10-16','swim',1995),('0972572374','Kinetic Cup Olympic','2021-10-16','bike',5269),('0972572374','Kinetic Cup Olympic','2021-10-16','run',4588),('0972572374','Liberty Olympic','2019-03-01','swim',2197),('0972572374','Liberty Olympic','2019-03-01','bike',5092),('0972572374','Liberty Olympic','2019-03-01','run',3257),('0972572374','Nationals - Buford','2021-11-01','swim',915),('0972572374','Nationals - Buford','2021-11-01','bike',5263),('0972572374','Nationals - Buford','2021-11-01','run',3214),('0972572374','Nationals - Tempe Olympic','2019-03-01','swim',1789),('0972572374','Nationals - Tempe Olympic','2019-03-01','bike',4912),('0972572374','Nationals - Tempe Olympic','2019-03-01','run',3148),('0972572374','Patriots Sprint','2018-03-01','swim',1098),('0972572374','Patriots Sprint','2018-03-01','bike',2541),('0972572374','Patriots Sprint','2018-03-01','run',1372),('0972572374','Patriots Sprint','2019-09-07','swim',862),('0972572374','Patriots Sprint','2019-09-07','bike',2333),('0972572374','Patriots Sprint','2019-09-07','run',1458),('0972572374','Tri-at-the-Trump Sprint','2019-10-01','swim',941),('0972572374','Tri-at-the-Trump Sprint','2019-10-01','bike',2312),('0972572374','Tri-at-the-Trump Sprint','2019-10-01','run',1415),('1448635233','Liberty Olympic','2019-03-01','swim',1731),('1448635233','Liberty Olympic','2019-03-01','bike',4684),('1448635233','Liberty Olympic','2019-03-01','run',2366),('1545455861','Tri-at-the-Trump Sprint','2019-10-01','swim',999),('1545455861','Tri-at-the-Trump Sprint','2019-10-01','bike',3137),('1545455861','Tri-at-the-Trump Sprint','2019-10-01','run',1525),('1611430793','Patriots Sprint','2018-03-01','swim',716),('1611430793','Patriots Sprint','2018-03-01','bike',1959),('1611430793','Patriots Sprint','2018-03-01','run',1139),('1611430793','Richmond Sprint','2019-03-01','swim',375),('1611430793','Richmond Sprint','2019-03-01','bike',2288),('1611430793','Richmond Sprint','2019-03-01','run',1287),('2006769864','Kinetic Cup Olympic','2019-10-19','swim',1639),('2006769864','Kinetic Cup Olympic','2019-10-19','bike',4855),('2006769864','Kinetic Cup Olympic','2019-10-19','run',3167),('2006769864','Liberty Olympic','2019-03-01','swim',1526),('2006769864','Liberty Olympic','2019-03-01','bike',4547),('2006769864','Liberty Olympic','2019-03-01','run',3096),('2006769864','Nationals - Tempe Olympic','2019-03-01','swim',1630),('2006769864','Nationals - Tempe Olympic','2019-03-01','bike',4498),('2006769864','Nationals - Tempe Olympic','2019-03-01','run',3264),('2066802910','Kinetic Cup Olympic','2019-10-19','swim',1683),('2066802910','Kinetic Cup Olympic','2019-10-19','bike',5273),('2066802910','Kinetic Cup Olympic','2019-10-19','run',2771),('2066802910','Tri-at-the-Trump Sprint','2019-10-01','swim',845),('2066802910','Tri-at-the-Trump Sprint','2019-10-01','bike',2618),('2066802910','Tri-at-the-Trump Sprint','2019-10-01','run',1364),('2114625963','Giant Acorn Olympic','2021-09-25','swim',1788),('2114625963','Giant Acorn Olympic','2021-09-25','bike',4730),('2114625963','Giant Acorn Olympic','2021-09-25','run',2988),('2114625963','Kinetic Cup Olympic','2021-10-16','swim',1813),('2114625963','Kinetic Cup Olympic','2021-10-16','bike',4569),('2114625963','Kinetic Cup Olympic','2021-10-16','run',3027),('2114625963','Nationals - Buford','2021-11-01','swim',875),('2114625963','Nationals - Buford','2021-11-01','bike',5243),('2114625963','Nationals - Buford','2021-11-01','run',2935),('2116602935','Azalea Sprint','2019-03-01','swim',279),('2116602935','Azalea Sprint','2019-03-01','bike',1455),('2116602935','Azalea Sprint','2019-03-01','run',1222),('2116602935','Giant Acord Olympic','2018-03-01','swim',1935),('2116602935','Giant Acord Olympic','2018-03-01','bike',4360),('2116602935','Giant Acord Olympic','2018-03-01','run',2651),('2116602935','Giant Acorn Olympic','2019-09-21','swim',0),('2116602935','Giant Acorn Olympic','2019-09-21','bike',3973),('2116602935','Giant Acorn Olympic','2019-09-21','run',0),('2116602935','Kinetic Cup Olympic','2019-10-19','swim',1679),('2116602935','Kinetic Cup Olympic','2019-10-19','bike',4116),('2116602935','Kinetic Cup Olympic','2019-10-19','run',2616),('2116602935','Kinetic Cup Olympic','2021-10-16','swim',1983),('2116602935','Kinetic Cup Olympic','2021-10-16','bike',4381),('2116602935','Kinetic Cup Olympic','2021-10-16','run',0),('2116602935','Liberty Olympic','2019-03-01','swim',1706),('2116602935','Liberty Olympic','2019-03-01','bike',4189),('2116602935','Liberty Olympic','2019-03-01','run',2620),('2116602935','Nationals - Tempe Olympic','2019-03-01','swim',1887),('2116602935','Nationals - Tempe Olympic','2019-03-01','bike',4038),('2116602935','Nationals - Tempe Olympic','2019-03-01','run',2685),('2116602935','Patriots Sprint','2018-03-01','swim',920),('2116602935','Patriots Sprint','2018-03-01','bike',2090),('2116602935','Patriots Sprint','2018-03-01','run',1191),('2116602935','Patriots Sprint','2019-09-07','swim',806),('2116602935','Patriots Sprint','2019-09-07','bike',2117),('2116602935','Patriots Sprint','2019-09-07','run',1209),('2116602935','Tri-at-the-Trump Sprint','2019-10-01','swim',859),('2116602935','Tri-at-the-Trump Sprint','2019-10-01','bike',2139),('2116602935','Tri-at-the-Trump Sprint','2019-10-01','run',1184),('2469716968','Patriots Half','2023-06-17','swim',2331),('2469716968','Patriots Half','2023-06-17','bike',11926),('2469716968','Patriots Half','2023-06-17','run',5996),('2469716968','Patriots Olympic','2022-09-10','swim',1668),('2469716968','Patriots Olympic','2022-09-10','bike',4463),('2469716968','Patriots Olympic','2022-09-10','run',3306),('2552176071','CLASH Daytona Sprint','2023-12-01','swim',1724),('2552176071','CLASH Daytona Sprint','2023-12-01','bike',3133),('2552176071','CLASH Daytona Sprint','2023-12-01','run',2550),('2570921522','Patriots Sprint','2018-03-01','swim',1247),('2570921522','Patriots Sprint','2018-03-01','bike',2783),('2570921522','Patriots Sprint','2018-03-01','run',1633),('2580865796','Giant Acord Olympic','2018-03-01','swim',1394),('2580865796','Giant Acord Olympic','2018-03-01','bike',4381),('2580865796','Giant Acord Olympic','2018-03-01','run',2573),('2580865796','Giant Acorn Olympic','2019-09-21','swim',1270),('2580865796','Giant Acorn Olympic','2019-09-21','bike',4460),('2580865796','Giant Acorn Olympic','2019-09-21','run',2481),('2580865796','Kinetic Cup Olympic','2019-10-19','swim',1322),('2580865796','Kinetic Cup Olympic','2019-10-19','bike',4233),('2580865796','Kinetic Cup Olympic','2019-10-19','run',2518),('2580865796','Liberty Olympic','2019-03-01','swim',1226),('2580865796','Liberty Olympic','2019-03-01','bike',4318),('2580865796','Liberty Olympic','2019-03-01','run',2622),('2580865796','Nationals - Tempe Olympic','2019-03-01','swim',1333),('2580865796','Nationals - Tempe Olympic','2019-03-01','bike',4293),('2580865796','Nationals - Tempe Olympic','2019-03-01','run',2682),('2580865796','Patriots Half','2018-03-01','swim',1829),('2580865796','Patriots Half','2018-03-01','bike',10126),('2580865796','Patriots Half','2018-03-01','run',6580),('2580865796','Patriots Sprint','2018-03-01','swim',704),('2580865796','Patriots Sprint','2018-03-01','bike',2073),('2580865796','Patriots Sprint','2018-03-01','run',1201),('2580865796','Tempe DL Sprint','2019-03-01','swim',786),('2580865796','Tempe DL Sprint','2019-03-01','bike',2115),('2580865796','Tempe DL Sprint','2019-03-01','run',1298),('2696104754','Belews Lake Olympic','2021-04-01','swim',1289),('2696104754','Belews Lake Olympic','2021-04-01','bike',4721),('2696104754','Belews Lake Olympic','2021-04-01','run',2869),('2696104754','Belews Lake Sprint','2020-04-01','swim',783),('2696104754','Belews Lake Sprint','2020-04-01','bike',2531),('2696104754','Belews Lake Sprint','2020-04-01','run',1222),('2696104754','CLASH Daytona Half','2023-12-02','swim',1468),('2696104754','CLASH Daytona Half','2023-12-02','bike',8456),('2696104754','CLASH Daytona Half','2023-12-02','run',5266),('2696104754','Giant Acorn Olympic','2022-09-24','swim',1430),('2696104754','Giant Acorn Olympic','2022-09-24','bike',4188),('2696104754','Giant Acorn Olympic','2022-09-24','run',2342),('2696104754','Kinetic Cup Olympic','2021-10-16','swim',1305),('2696104754','Kinetic Cup Olympic','2021-10-16','bike',4471),('2696104754','Kinetic Cup Olympic','2021-10-16','run',154800),('2696104754','Kinetic Cup Olympic','2022-10-15','swim',1234),('2696104754','Kinetic Cup Olympic','2022-10-15','bike',4248),('2696104754','Kinetic Cup Olympic','2022-10-15','run',2439),('2696104754','Nationals - Buford','2021-11-01','swim',661),('2696104754','Nationals - Buford','2021-11-01','bike',4574),('2696104754','Nationals - Buford','2021-11-01','run',2423),('2696104754','Nationals - Buford GA','2023-06-01','swim',1029),('2696104754','Nationals - Buford GA','2023-06-01','bike',4101),('2696104754','Nationals - Buford GA','2023-06-01','run',2271),('2696104754','Pleasants Landing','2023-10-07','swim',625),('2696104754','Pleasants Landing','2023-10-07','bike',3606),('2696104754','Pleasants Landing','2023-10-07','run',2171),('2711430262','Azalea Sprint','2019-03-01','swim',314),('2711430262','Azalea Sprint','2019-03-01','bike',1577),('2711430262','Azalea Sprint','2019-03-01','run',1343),('2711430262','Giant Acorn Olympic','2019-09-21','swim',0),('2711430262','Giant Acorn Olympic','2019-09-21','bike',3960),('2711430262','Giant Acorn Olympic','2019-09-21','run',0),('2711430262','Kinetic Cup Olympic','2019-10-19','swim',1868),('2711430262','Kinetic Cup Olympic','2019-10-19','bike',4656),('2711430262','Kinetic Cup Olympic','2019-10-19','run',3062),('2711430262','Liberty Olympic','2019-03-01','swim',1824),('2711430262','Liberty Olympic','2019-03-01','bike',4635),('2711430262','Liberty Olympic','2019-03-01','run',3673),('2711430262','Nationals - Tempe Olympic','2019-03-01','swim',2029),('2711430262','Nationals - Tempe Olympic','2019-03-01','bike',4358),('2711430262','Nationals - Tempe Olympic','2019-03-01','run',3393),('2711430262','Patriots Sprint','2019-09-07','swim',1004),('2711430262','Patriots Sprint','2019-09-07','bike',2079),('2711430262','Patriots Sprint','2019-09-07','run',1470),('2711430262','Tri-at-the-Trump Sprint','2019-10-01','swim',1023),('2711430262','Tri-at-the-Trump Sprint','2019-10-01','bike',124021),('2711430262','Tri-at-the-Trump Sprint','2019-10-01','run',1280),('2775864644','Belews Lake Olympic','2020-04-01','swim',1709),('2775864644','Belews Lake Olympic','2020-04-01','bike',5470),('2775864644','Belews Lake Olympic','2020-04-01','run',3633),('2775864644','Kinetic Cup Olympic','2019-10-19','swim',1280),('2775864644','Kinetic Cup Olympic','2019-10-19','bike',4067),('2775864644','Kinetic Cup Olympic','2019-10-19','run',2733),('2775864644','Liberty Olympic','2019-03-01','swim',1290),('2775864644','Liberty Olympic','2019-03-01','bike',4288),('2775864644','Liberty Olympic','2019-03-01','run',2736),('2775864644','Nationals - Tempe Olympic','2019-03-01','swim',1266),('2775864644','Nationals - Tempe Olympic','2019-03-01','bike',4159),('2775864644','Nationals - Tempe Olympic','2019-03-01','run',3107),('2775864644','Patriots Sprint','2018-03-01','swim',689),('2775864644','Patriots Sprint','2018-03-01','bike',2238),('2775864644','Patriots Sprint','2018-03-01','run',1329),('2775864644','Richmond Sprint','2019-03-01','swim',319),('2775864644','Richmond Sprint','2019-03-01','bike',2038),('2775864644','Richmond Sprint','2019-03-01','run',1376),('3167832723','Smithfield Sprint','2023-05-03','swim',480),('3167832723','Smithfield Sprint','2023-05-03','bike',1592),('3167832723','Smithfield Sprint','2023-05-03','run',1051),('3261298872','Giant Acorn Olympic','2023-09-23','swim',0),('3261298872','Giant Acorn Olympic','2023-09-23','bike',6580),('3261298872','Giant Acorn Olympic','2023-09-23','run',0),('3261298872','Patriots Sprint','2023-06-18','swim',1279),('3261298872','Patriots Sprint','2023-06-18','bike',2161),('3261298872','Patriots Sprint','2023-06-18','run',1194),('3335343328','Belews Lake Olympic','2020-04-01','swim',1498),('3335343328','Belews Lake Olympic','2020-04-01','bike',4513),('3335343328','Belews Lake Olympic','2020-04-01','run',2779),('3335343328','Kinetic Cup Olympic','2019-10-19','swim',1469),('3335343328','Kinetic Cup Olympic','2019-10-19','bike',5183),('3335343328','Kinetic Cup Olympic','2019-10-19','run',2889),('3335343328','Tri-at-the-Trump Sprint','2019-10-01','swim',822),('3335343328','Tri-at-the-Trump Sprint','2019-10-01','bike',2558),('3335343328','Tri-at-the-Trump Sprint','2019-10-01','run',1425),('3353743306','Giant Acorn Olympic','2021-09-25','swim',2165),('3353743306','Giant Acorn Olympic','2021-09-25','bike',5365),('3353743306','Giant Acorn Olympic','2021-09-25','run',2887),('3353743306','Nationals - Buford','2021-11-01','swim',1067),('3353743306','Nationals - Buford','2021-11-01','bike',6495),('3353743306','Nationals - Buford','2021-11-01','run',3172),('3353743306','Smithfield Sprint','2023-05-03','swim',360),('3353743306','Smithfield Sprint','2023-05-03','bike',2044),('3353743306','Smithfield Sprint','2023-05-03','run',1577),('3608739027','Giant Acorn Olympic','2022-09-24','swim',1605),('3608739027','Giant Acorn Olympic','2022-09-24','bike',5440),('3608739027','Giant Acorn Olympic','2022-09-24','run',2672),('3608739027','Kinetic Cup Olympic','2022-10-15','swim',1440),('3608739027','Kinetic Cup Olympic','2022-10-15','bike',5882),('3608739027','Kinetic Cup Olympic','2022-10-15','run',2810),('3761084756','Patriots Sprint','2023-06-18','swim',1267),('3761084756','Patriots Sprint','2023-06-18','bike',2754),('3761084756','Patriots Sprint','2023-06-18','run',1804),('3937274148','Patriots Sprint','2023-06-18','swim',1525),('3937274148','Patriots Sprint','2023-06-18','bike',2403),('3937274148','Patriots Sprint','2023-06-18','run',1378),('4401287254','Nationals - Buford','2021-11-01','swim',1200),('4401287254','Nationals - Buford','2021-11-01','bike',5792),('4401287254','Nationals - Buford','2021-11-01','run',3069),('4401287254','Patriots Olympic','2021-09-11','swim',2007),('4401287254','Patriots Olympic','2021-09-11','bike',4519),('4401287254','Patriots Olympic','2021-09-11','run',2777),('464538977','Blue Ridge Draft Legal','2023-10-14','swim',850),('464538977','Blue Ridge Draft Legal','2023-10-14','bike',2209),('464538977','Blue Ridge Draft Legal','2023-10-14','run',1473),('464538977','CLASH Daytona Half','2023-12-02','swim',2005),('464538977','CLASH Daytona Half','2023-12-02','bike',10505),('464538977','CLASH Daytona Half','2023-12-02','run',8175),('4764654361','Giant Acorn Olympic','2021-09-25','swim',1784),('4764654361','Giant Acorn Olympic','2021-09-25','bike',4019),('4764654361','Giant Acorn Olympic','2021-09-25','run',2474),('4764654361','Giant Acorn Olympic','2022-09-24','swim',1663),('4764654361','Giant Acorn Olympic','2022-09-24','bike',3983),('4764654361','Giant Acorn Olympic','2022-09-24','run',2344),('4764654361','Giant Acorn Olympic','2023-09-23','swim',1449),('4764654361','Giant Acorn Olympic','2023-09-23','bike',3925),('4764654361','Giant Acorn Olympic','2023-09-23','run',2412),('4764654361','Kinetic Cup Olympic','2021-10-16','swim',1523),('4764654361','Kinetic Cup Olympic','2021-10-16','bike',3858),('4764654361','Kinetic Cup Olympic','2021-10-16','run',2500),('4764654361','Kinetic Cup Olympic','2022-10-15','swim',1375),('4764654361','Kinetic Cup Olympic','2022-10-15','bike',3893),('4764654361','Kinetic Cup Olympic','2022-10-15','run',2312),('4764654361','Nationals - Buford','2021-11-01','swim',748),('4764654361','Nationals - Buford','2021-11-01','bike',4259),('4764654361','Nationals - Buford','2021-11-01','run',2339),('4764654361','Pleasants Landing','2023-10-07','swim',772),('4764654361','Pleasants Landing','2023-10-07','bike',3486),('4764654361','Pleasants Landing','2023-10-07','run',2450),('4922385494','Azalea Sprint','2019-03-01','swim',343),('4922385494','Azalea Sprint','2019-03-01','bike',0),('4922385494','Azalea Sprint','2019-03-01','run',0),('4922385494','Kinetic Cup Olympic','2019-10-19','swim',2010),('4922385494','Kinetic Cup Olympic','2019-10-19','bike',6083),('4922385494','Kinetic Cup Olympic','2019-10-19','run',3492),('4922385494','Tri-at-the-Trump Sprint','2019-10-01','swim',1082),('4922385494','Tri-at-the-Trump Sprint','2019-10-01','bike',2952),('4922385494','Tri-at-the-Trump Sprint','2019-10-01','run',1638),('4968292801','Pleasants Landing','2023-10-07','swim',771),('4968292801','Pleasants Landing','2023-10-07','bike',4096),('4968292801','Pleasants Landing','2023-10-07','run',2993),('5113544648','CLASH Daytona Sprint','2023-12-01','swim',1598),('5113544648','CLASH Daytona Sprint','2023-12-01','bike',2738),('5113544648','CLASH Daytona Sprint','2023-12-01','run',1939),('5119278768','Belews Lake Sprint','2021-04-01','swim',0),('5119278768','Belews Lake Sprint','2021-04-01','bike',3289),('5119278768','Belews Lake Sprint','2021-04-01','run',0),('5119278768','Giant Acorn Olympic','2021-09-25','swim',2260),('5119278768','Giant Acorn Olympic','2021-09-25','bike',5307),('5119278768','Giant Acorn Olympic','2021-09-25','run',3495),('5119278768','Kinetic Cup Olympic','2021-10-16','swim',2319),('5119278768','Kinetic Cup Olympic','2021-10-16','bike',5180),('5119278768','Kinetic Cup Olympic','2021-10-16','run',3920),('5313622719','Patriots Sprint','2019-09-07','swim',755),('5313622719','Patriots Sprint','2019-09-07','bike',2159),('5313622719','Patriots Sprint','2019-09-07','run',1298),('5485772096','Giant Acorn Olympic','2022-09-24','swim',1592),('5485772096','Giant Acorn Olympic','2022-09-24','bike',4709),('5485772096','Giant Acorn Olympic','2022-09-24','run',2774),('5485772096','Nationals - Buford GA','2023-06-01','swim',1086),('5485772096','Nationals - Buford GA','2023-06-01','bike',4548),('5485772096','Nationals - Buford GA','2023-06-01','run',3008),('5485772096','Patriots Sprint','2023-06-18','swim',804),('5485772096','Patriots Sprint','2023-06-18','bike',2429),('5485772096','Patriots Sprint','2023-06-18','run',1359),('5485772096','Pleasants Landing','2023-10-07','swim',694),('5485772096','Pleasants Landing','2023-10-07','bike',3974),('5485772096','Pleasants Landing','2023-10-07','run',2530),('5599555021','Giant Acorn Olympic','2019-09-21','swim',1346),('5599555021','Giant Acorn Olympic','2019-09-21','bike',0),('5599555021','Giant Acorn Olympic','2019-09-21','run',0),('5599555021','Patriots Sprint','2019-09-07','swim',696),('5599555021','Patriots Sprint','2019-09-07','bike',2641),('5599555021','Patriots Sprint','2019-09-07','run',1372),('5698812619','Belews Lake Sprint','2021-04-01','swim',0),('5698812619','Belews Lake Sprint','2021-04-01','bike',2529),('5698812619','Belews Lake Sprint','2021-04-01','run',0),('5698812619','Giant Acorn Olympic','2021-09-25','swim',2256),('5698812619','Giant Acorn Olympic','2021-09-25','bike',4876),('5698812619','Giant Acorn Olympic','2021-09-25','run',3101),('5698812619','Kinetic Cup Olympic','2021-10-16','swim',2025),('5698812619','Kinetic Cup Olympic','2021-10-16','bike',4715),('5698812619','Kinetic Cup Olympic','2021-10-16','run',2988),('5698812619','Nationals - Buford','2021-11-01','swim',953),('5698812619','Nationals - Buford','2021-11-01','bike',4913),('5698812619','Nationals - Buford','2021-11-01','run',2817),('5702903750','Tri-at-the-Trump Sprint','2019-10-01','swim',814),('5702903750','Tri-at-the-Trump Sprint','2019-10-01','bike',1423),('5702903750','Tri-at-the-Trump Sprint','2019-10-01','run',1399),('5713059843','Belews Lake Sprint','2021-04-01','swim',591),('5713059843','Belews Lake Sprint','2021-04-01','bike',2649),('5713059843','Belews Lake Sprint','2021-04-01','run',1301),('5713059843','CLASH Daytona Sprint','2023-12-01','swim',674),('5713059843','CLASH Daytona Sprint','2023-12-01','bike',2129),('5713059843','CLASH Daytona Sprint','2023-12-01','run',1379),('5713059843','Giant Acorn Olympic','2021-09-25','swim',1237),('5713059843','Giant Acorn Olympic','2021-09-25','bike',5168),('5713059843','Giant Acorn Olympic','2021-09-25','run',2936),('5713059843','Giant Acorn Olympic','2022-09-24','swim',1377),('5713059843','Giant Acorn Olympic','2022-09-24','bike',4660),('5713059843','Giant Acorn Olympic','2022-09-24','run',2612),('5713059843','Kinetic Cup Olympic','2021-10-16','swim',1205),('5713059843','Kinetic Cup Olympic','2021-10-16','bike',4838),('5713059843','Kinetic Cup Olympic','2021-10-16','run',2951),('5713059843','Kinetic Cup Olympic','2022-10-15','swim',1158),('5713059843','Kinetic Cup Olympic','2022-10-15','bike',4782),('5713059843','Kinetic Cup Olympic','2022-10-15','run',2689),('5713059843','Nationals - Buford','2021-11-01','swim',609),('5713059843','Nationals - Buford','2021-11-01','bike',5059),('5713059843','Nationals - Buford','2021-11-01','run',2839),('5713059843','Nationals - Buford GA','2023-06-01','swim',1009),('5713059843','Nationals - Buford GA','2023-06-01','bike',4315),('5713059843','Nationals - Buford GA','2023-06-01','run',2540),('5713059843','Patriots Half','2023-06-17','swim',1778),('5713059843','Patriots Half','2023-06-17','bike',11876),('5713059843','Patriots Half','2023-06-17','run',7218),('5713059843','Patriots Sprint','2023-06-18','swim',744),('5713059843','Patriots Sprint','2023-06-18','bike',2213),('5713059843','Patriots Sprint','2023-06-18','run',1179),('5713059843','Smithfield Sprint','2023-05-03','swim',228),('5713059843','Smithfield Sprint','2023-05-03','bike',1659),('5713059843','Smithfield Sprint','2023-05-03','run',1196),('5774333930','CLASH Daytona Sprint','2023-12-01','swim',757),('5774333930','CLASH Daytona Sprint','2023-12-01','bike',2621),('5774333930','CLASH Daytona Sprint','2023-12-01','run',1733),('5774333930','Giant Acorn Olympic','2023-09-23','swim',1405),('5774333930','Giant Acorn Olympic','2023-09-23','bike',6534),('5774333930','Giant Acorn Olympic','2023-09-23','run',3406),('5774333930','Pleasants Landing','2023-10-07','swim',758),('5774333930','Pleasants Landing','2023-10-07','bike',6417),('5774333930','Pleasants Landing','2023-10-07','run',3767),('5788073021','CLASH Daytona Half','2023-12-02','swim',1790),('5788073021','CLASH Daytona Half','2023-12-02','bike',8460),('5788073021','CLASH Daytona Half','2023-12-02','run',6179),('5788073021','Giant Acorn Olympic','2023-09-23','swim',1533),('5788073021','Giant Acorn Olympic','2023-09-23','bike',4126),('5788073021','Giant Acorn Olympic','2023-09-23','run',2429),('5788073021','Pleasants Landing','2023-10-07','swim',819),('5788073021','Pleasants Landing','2023-10-07','bike',3775),('5788073021','Pleasants Landing','2023-10-07','run',2394),('5836497424','Belews Lake Sprint','2020-04-01','swim',1158),('5836497424','Belews Lake Sprint','2020-04-01','bike',3202),('5836497424','Belews Lake Sprint','2020-04-01','run',1927),('5836497424','Kinetic Cup Olympic','2019-10-19','swim',1823),('5836497424','Kinetic Cup Olympic','2019-10-19','bike',6162),('5836497424','Kinetic Cup Olympic','2019-10-19','run',3173),('6420791129','Nationals - Buford GA','2023-06-01','swim',1380),('6420791129','Nationals - Buford GA','2023-06-01','bike',5230),('6420791129','Nationals - Buford GA','2023-06-01','run',2641),('6420791129','Pleasants Landing','2023-10-07','swim',874),('6420791129','Pleasants Landing','2023-10-07','bike',4518),('6420791129','Pleasants Landing','2023-10-07','run',2610),('6420791129','Smithfield Sprint','2023-05-03','swim',277),('6420791129','Smithfield Sprint','2023-05-03','bike',1937),('6420791129','Smithfield Sprint','2023-05-03','run',1186),('6508991546','Liberty Olympic','2019-03-01','swim',1481),('6508991546','Liberty Olympic','2019-03-01','bike',4679),('6508991546','Liberty Olympic','2019-03-01','run',2681),('6508991546','Patriots Sprint','2018-03-01','swim',833),('6508991546','Patriots Sprint','2018-03-01','bike',2520),('6508991546','Patriots Sprint','2018-03-01','run',1229),('6874599561','Liberty Olympic','2019-03-01','swim',2042),('6874599561','Liberty Olympic','2019-03-01','bike',5427),('6874599561','Liberty Olympic','2019-03-01','run',3599),('6874599561','Patriots Sprint','2018-03-01','swim',1245),('6874599561','Patriots Sprint','2018-03-01','bike',2768),('6874599561','Patriots Sprint','2018-03-01','run',1528),('6883275876','Giant Acorn Olympic','2019-09-21','swim',1299),('6883275876','Giant Acorn Olympic','2019-09-21','bike',0),('6883275876','Giant Acorn Olympic','2019-09-21','run',0),('6883275876','Liberty Olympic','2019-03-01','swim',0),('6883275876','Liberty Olympic','2019-03-01','bike',4744),('6883275876','Liberty Olympic','2019-03-01','run',3382),('6883275876','Nationals - Tempe Olympic','2019-03-01','swim',1460),('6883275876','Nationals - Tempe Olympic','2019-03-01','bike',4634),('6883275876','Nationals - Tempe Olympic','2019-03-01','run',3116),('6927596133','Azalea Sprint','2019-03-01','swim',303),('6927596133','Azalea Sprint','2019-03-01','bike',1641),('6927596133','Azalea Sprint','2019-03-01','run',1496),('6927596133','Giant Acord Olympic','2018-03-01','swim',2054),('6927596133','Giant Acord Olympic','2018-03-01','bike',4821),('6927596133','Giant Acord Olympic','2018-03-01','run',6937),('6927596133','Giant Acorn Olympic','2019-09-21','swim',1881),('6927596133','Giant Acorn Olympic','2019-09-21','bike',4517),('6927596133','Giant Acorn Olympic','2019-09-21','run',3092),('6927596133','Liberty Olympic','2019-03-01','swim',1922),('6927596133','Liberty Olympic','2019-03-01','bike',4776),('6927596133','Liberty Olympic','2019-03-01','run',3460),('6927596133','Nationals - Tempe Olympic','2019-03-01','swim',2061),('6927596133','Nationals - Tempe Olympic','2019-03-01','bike',4631),('6927596133','Nationals - Tempe Olympic','2019-03-01','run',3533),('6927596133','Patriots Sprint','2018-03-01','swim',1030),('6927596133','Patriots Sprint','2018-03-01','bike',2311),('6927596133','Patriots Sprint','2018-03-01','run',1703),('6993059391','CLASH Daytona Sprint','2023-12-01','swim',772),('6993059391','CLASH Daytona Sprint','2023-12-01','bike',2046),('6993059391','CLASH Daytona Sprint','2023-12-01','run',1245),('7025345402','CLASH Daytona Half','2023-12-02','swim',2276),('7025345402','CLASH Daytona Half','2023-12-02','bike',8931),('7025345402','CLASH Daytona Half','2023-12-02','run',7112),('7025345402','Giant Acorn Olympic','2023-09-23','swim',2193),('7025345402','Giant Acorn Olympic','2023-09-23','bike',4944),('7025345402','Giant Acorn Olympic','2023-09-23','run',2931),('7025345402','Kinetic Cup Olympic','2022-10-15','swim',2089),('7025345402','Kinetic Cup Olympic','2022-10-15','bike',4766),('7025345402','Kinetic Cup Olympic','2022-10-15','run',3063),('7025345402','Nationals - Buford GA','2023-06-01','swim',18716),('7025345402','Nationals - Buford GA','2023-06-01','bike',5070),('7025345402','Nationals - Buford GA','2023-06-01','run',3370),('7025345402','Pleasants Landing','2023-10-07','swim',1125),('7025345402','Pleasants Landing','2023-10-07','bike',4430),('7025345402','Pleasants Landing','2023-10-07','run',3185),('7119825992','Liberty Olympic','2019-03-01','swim',1313),('7119825992','Liberty Olympic','2019-03-01','bike',5131),('7119825992','Liberty Olympic','2019-03-01','run',3014),('7119825992','Patriots Sprint','2018-03-01','swim',823),('7119825992','Patriots Sprint','2018-03-01','bike',2685),('7119825992','Patriots Sprint','2018-03-01','run',1251),('7239494167','Belews Lake Sprint','2021-04-01','swim',630),('7239494167','Belews Lake Sprint','2021-04-01','bike',2411),('7239494167','Belews Lake Sprint','2021-04-01','run',1451),('7239494167','Blue Ridge Draft Legal','2023-10-14','swim',624),('7239494167','Blue Ridge Draft Legal','2023-10-14','bike',1808),('7239494167','Blue Ridge Draft Legal','2023-10-14','run',1157),('7239494167','CLASH Daytona Sprint','2023-12-01','swim',701),('7239494167','CLASH Daytona Sprint','2023-12-01','bike',1825),('7239494167','CLASH Daytona Sprint','2023-12-01','run',1191),('7239494167','Giant Acorn Olympic','2021-09-25','swim',1309),('7239494167','Giant Acorn Olympic','2021-09-25','bike',6077),('7239494167','Giant Acorn Olympic','2021-09-25','run',3064),('7239494167','Giant Acorn Olympic','2022-09-24','swim',1453),('7239494167','Giant Acorn Olympic','2022-09-24','bike',4281),('7239494167','Giant Acorn Olympic','2022-09-24','run',2683),('7239494167','Giant Acorn Olympic','2023-09-23','swim',1278),('7239494167','Giant Acorn Olympic','2023-09-23','bike',4251),('7239494167','Giant Acorn Olympic','2023-09-23','run',2539),('7239494167','Kinetic Cup Olympic','2021-10-16','swim',1355),('7239494167','Kinetic Cup Olympic','2021-10-16','bike',4861),('7239494167','Kinetic Cup Olympic','2021-10-16','run',3443),('7239494167','Kinetic Cup Olympic','2022-10-15','swim',1244),('7239494167','Kinetic Cup Olympic','2022-10-15','bike',4050),('7239494167','Kinetic Cup Olympic','2022-10-15','run',2731),('7239494167','Nationals - Buford','2021-11-01','swim',662),('7239494167','Nationals - Buford','2021-11-01','bike',4862),('7239494167','Nationals - Buford','2021-11-01','run',2789),('7239494167','Nationals - Buford GA','2023-06-01','swim',1051),('7239494167','Nationals - Buford GA','2023-06-01','bike',4464),('7239494167','Nationals - Buford GA','2023-06-01','run',2588),('7239494167','Patriots Half','2023-06-17','swim',1883),('7239494167','Patriots Half','2023-06-17','bike',11004),('7239494167','Patriots Half','2023-06-17','run',6787),('7239494167','Patriots Olympic','2023-06-18','swim',1441),('7239494167','Patriots Olympic','2023-06-18','bike',4016),('7239494167','Patriots Olympic','2023-06-18','run',2615),('7239494167','Pleasants Landing','2023-10-07','swim',655),('7239494167','Pleasants Landing','2023-10-07','bike',3574),('7239494167','Pleasants Landing','2023-10-07','run',2574),('7661183485','Azalea Sprint','2019-03-01','swim',333),('7661183485','Azalea Sprint','2019-03-01','bike',1577),('7661183485','Azalea Sprint','2019-03-01','run',1322),('7661183485','Luray Olympic','2018-03-01','swim',2148),('7661183485','Luray Olympic','2018-03-01','bike',4086),('7661183485','Luray Olympic','2018-03-01','run',2890),('7661183485','Patriots Half','2018-03-01','swim',3041),('7661183485','Patriots Half','2018-03-01','bike',10034),('7661183485','Patriots Half','2018-03-01','run',7501),('7720063701','Belews Lake Olympic','2020-04-01','swim',2152),('7720063701','Belews Lake Olympic','2020-04-01','bike',4989),('7720063701','Belews Lake Olympic','2020-04-01','run',2805),('7726157074','Giant Acorn Olympic','2019-09-21','swim',0),('7726157074','Giant Acorn Olympic','2019-09-21','bike',0),('7726157074','Giant Acorn Olympic','2019-09-21','run',2334),('7726157074','Liberty Olympic','2019-03-01','swim',1398),('7726157074','Liberty Olympic','2019-03-01','bike',4419),('7726157074','Liberty Olympic','2019-03-01','run',2667),('7726157074','Nationals - Tempe Olympic','2019-03-01','swim',1432),('7726157074','Nationals - Tempe Olympic','2019-03-01','bike',4218),('7726157074','Nationals - Tempe Olympic','2019-03-01','run',2552),('7726157074','Patriots Half','2018-03-01','swim',2137),('7726157074','Patriots Half','2018-03-01','bike',10426),('7726157074','Patriots Half','2018-03-01','run',7045),('7726157074','Patriots Sprint','2019-09-07','swim',704),('7726157074','Patriots Sprint','2019-09-07','bike',2148),('7726157074','Patriots Sprint','2019-09-07','run',1219),('7731450680','Liberty Olympic','2019-03-01','swim',1663),('7731450680','Liberty Olympic','2019-03-01','bike',4631),('7731450680','Liberty Olympic','2019-03-01','run',2397),('7731450680','Patriots Sprint','2018-03-01','swim',913),('7731450680','Patriots Sprint','2018-03-01','bike',2262),('7731450680','Patriots Sprint','2018-03-01','run',1075),('7731450680','Richmond Sprint','2019-03-01','swim',446),('7731450680','Richmond Sprint','2019-03-01','bike',2296),('7731450680','Richmond Sprint','2019-03-01','run',1187),('7820315500','Giant Acorn Olympic','2019-09-21','swim',1709),('7820315500','Giant Acorn Olympic','2019-09-21','bike',4445),('7820315500','Giant Acorn Olympic','2019-09-21','run',2818),('7820315500','Kinetic Cup Olympic','2019-10-19','swim',1629),('7820315500','Kinetic Cup Olympic','2019-10-19','bike',4211),('7820315500','Kinetic Cup Olympic','2019-10-19','run',2867),('7820315500','Patriots Sprint','2019-09-07','swim',830),('7820315500','Patriots Sprint','2019-09-07','bike',2264),('7820315500','Patriots Sprint','2019-09-07','run',1432),('7820315500','Tri-at-the-Trump Sprint','2019-10-01','swim',886),('7820315500','Tri-at-the-Trump Sprint','2019-10-01','bike',2149),('7820315500','Tri-at-the-Trump Sprint','2019-10-01','run',1459),('8005234325','Patriots Sprint','2018-03-01','swim',960),('8005234325','Patriots Sprint','2018-03-01','bike',2067),('8005234325','Patriots Sprint','2018-03-01','run',1065),('8104140960','CLASH Daytona Sprint','2023-12-01','swim',1556),('8104140960','CLASH Daytona Sprint','2023-12-01','bike',2390),('8104140960','CLASH Daytona Sprint','2023-12-01','run',1532),('8104140960','Giant Acorn Olympic','2023-09-23','swim',0),('8104140960','Giant Acorn Olympic','2023-09-23','bike',0),('8104140960','Giant Acorn Olympic','2023-09-23','run',2943),('8123611192','Luray Olympic','2018-03-01','swim',1822),('8123611192','Luray Olympic','2018-03-01','bike',0),('8123611192','Luray Olympic','2018-03-01','run',0),('8132729710','Liberty Olympic','2019-03-01','swim',1479),('8132729710','Liberty Olympic','2019-03-01','bike',4359),('8132729710','Liberty Olympic','2019-03-01','run',3054),('8132729710','Nationals - Tempe Olympic','2019-03-01','swim',1577),('8132729710','Nationals - Tempe Olympic','2019-03-01','bike',4321),('8132729710','Nationals - Tempe Olympic','2019-03-01','run',2911),('8132729710','Patriots Half','2018-03-01','swim',2259),('8132729710','Patriots Half','2018-03-01','bike',9659),('8132729710','Patriots Half','2018-03-01','run',9064),('8214033320','Belews Lake Sprint','2020-04-01','swim',922),('8214033320','Belews Lake Sprint','2020-04-01','bike',2444),('8214033320','Belews Lake Sprint','2020-04-01','run',1305),('8214033320','Giant Acorn Olympic','2021-09-25','swim',1796),('8214033320','Giant Acorn Olympic','2021-09-25','bike',4340),('8214033320','Giant Acorn Olympic','2021-09-25','run',2832),('8214033320','Kinetic Cup Olympic','2021-10-16','swim',1821),('8214033320','Kinetic Cup Olympic','2021-10-16','bike',4351),('8214033320','Kinetic Cup Olympic','2021-10-16','run',2861),('8214033320','Nationals - Buford','2021-11-01','swim',870),('8214033320','Nationals - Buford','2021-11-01','bike',5020),('8214033320','Nationals - Buford','2021-11-01','run',2797),('8214033320','Patriots Half','2023-06-17','swim',2373),('8214033320','Patriots Half','2023-06-17','bike',10787),('8214033320','Patriots Half','2023-06-17','run',7055),('8214033320','Patriots Olympic','2021-09-11','swim',1726),('8214033320','Patriots Olympic','2021-09-11','bike',4098),('8214033320','Patriots Olympic','2021-09-11','run',2915),('8214033320','Patriots Sprint','2023-06-18','swim',901),('8214033320','Patriots Sprint','2023-06-18','bike',2172),('8214033320','Patriots Sprint','2023-06-18','run',1299),('8292746489','Giant Acord Olympic','2018-03-01','swim',1986),('8292746489','Giant Acord Olympic','2018-03-01','bike',4726),('8292746489','Giant Acord Olympic','2018-03-01','run',2440),('8292746489','Giant Acorn Olympic','2019-09-21','swim',0),('8292746489','Giant Acorn Olympic','2019-09-21','bike',0),('8292746489','Giant Acorn Olympic','2019-09-21','run',2192),('8292746489','Kinetic Cup Olympic','2019-10-19','swim',1861),('8292746489','Kinetic Cup Olympic','2019-10-19','bike',4402),('8292746489','Kinetic Cup Olympic','2019-10-19','run',2400),('8292746489','Liberty Olympic','2019-03-01','swim',1937),('8292746489','Liberty Olympic','2019-03-01','bike',4910),('8292746489','Liberty Olympic','2019-03-01','run',2517),('8292746489','Nationals - Tempe Olympic','2019-03-01','swim',1803),('8292746489','Nationals - Tempe Olympic','2019-03-01','bike',4610),('8292746489','Nationals - Tempe Olympic','2019-03-01','run',3283),('8292746489','Patriots Sprint','2018-03-01','swim',931),('8292746489','Patriots Sprint','2018-03-01','bike',2224),('8292746489','Patriots Sprint','2018-03-01','run',1067),('8292746489','Tri-at-the-Trump Sprint','2019-10-01','swim',887),('8292746489','Tri-at-the-Trump Sprint','2019-10-01','bike',2187),('8292746489','Tri-at-the-Trump Sprint','2019-10-01','run',1131),('8337824653','Giant Acorn Olympic','2023-09-23','swim',1778),('8337824653','Giant Acorn Olympic','2023-09-23','bike',4646),('8337824653','Giant Acorn Olympic','2023-09-23','run',2269),('8337824653','Pleasants Landing','2023-10-07','swim',821),('8337824653','Pleasants Landing','2023-10-07','bike',4146),('8337824653','Pleasants Landing','2023-10-07','run',2180),('8620488679','Liberty Olympic','2019-03-01','swim',1596),('8620488679','Liberty Olympic','2019-03-01','bike',4782),('8620488679','Liberty Olympic','2019-03-01','run',3279),('8980209414','Belews Lake Sprint','2021-04-01','swim',657),('8980209414','Belews Lake Sprint','2021-04-01','bike',2563),('8980209414','Belews Lake Sprint','2021-04-01','run',1364),('8980209414','CLASH Daytona Half','2023-12-02','swim',1612),('8980209414','CLASH Daytona Half','2023-12-02','bike',9508),('8980209414','CLASH Daytona Half','2023-12-02','run',7197),('8980209414','Giant Acorn Olympic','2021-09-25','swim',1390),('8980209414','Giant Acorn Olympic','2021-09-25','bike',4503),('8980209414','Giant Acorn Olympic','2021-09-25','run',2652),('8980209414','Giant Acorn Olympic','2022-09-24','swim',1455),('8980209414','Giant Acorn Olympic','2022-09-24','bike',4486),('8980209414','Giant Acorn Olympic','2022-09-24','run',2887),('8980209414','Kinetic Cup Olympic','2021-10-16','swim',1384),('8980209414','Kinetic Cup Olympic','2021-10-16','bike',4374),('8980209414','Kinetic Cup Olympic','2021-10-16','run',2828),('8980209414','Nationals - Buford','2021-11-01','swim',712),('8980209414','Nationals - Buford','2021-11-01','bike',5192),('8980209414','Nationals - Buford','2021-11-01','run',2601),('8980209414','Nationals - Buford GA','2023-06-01','swim',1104),('8980209414','Nationals - Buford GA','2023-06-01','bike',4812),('8980209414','Nationals - Buford GA','2023-06-01','run',4816),('8980209414','Patriots Olympic','2021-09-11','swim',1370),('8980209414','Patriots Olympic','2021-09-11','bike',4360),('8980209414','Patriots Olympic','2021-09-11','run',2732),('8980209414','Patriots Olympic','2022-09-10','swim',1385),('8980209414','Patriots Olympic','2022-09-10','bike',4008),('8980209414','Patriots Olympic','2022-09-10','run',3047),('8980209414','Patriots Olympic','2023-06-18','swim',1448),('8980209414','Patriots Olympic','2023-06-18','bike',4079),('8980209414','Patriots Olympic','2023-06-18','run',3013),('8980209414','Patriots Sprint','2023-06-18','swim',709),('8980209414','Patriots Sprint','2023-06-18','bike',2291),('8980209414','Patriots Sprint','2023-06-18','run',1281),('8980209414','Pleasants Landing','2023-10-07','swim',725),('8980209414','Pleasants Landing','2023-10-07','bike',4195),('8980209414','Pleasants Landing','2023-10-07','run',2734),('8990326044','Liberty Olympic','2019-03-01','swim',2073),('8990326044','Liberty Olympic','2019-03-01','bike',4773),('8990326044','Liberty Olympic','2019-03-01','run',2973),('8990326044','Patriots Half','2018-03-01','swim',3682),('8990326044','Patriots Half','2018-03-01','bike',11288),('8990326044','Patriots Half','2018-03-01','run',8264),('9095138819','CLASH Daytona Sprint','2023-12-01','swim',999),('9095138819','CLASH Daytona Sprint','2023-12-01','bike',2114),('9095138819','CLASH Daytona Sprint','2023-12-01','run',1316),('9095138819','Giant Acorn Olympic','2023-09-23','swim',2338),('9095138819','Giant Acorn Olympic','2023-09-23','bike',6442),('9095138819','Giant Acorn Olympic','2023-09-23','run',2876),('9095138819','Pleasants Landing','2023-10-07','swim',1133),('9095138819','Pleasants Landing','2023-10-07','bike',5526),('9095138819','Pleasants Landing','2023-10-07','run',2558),('9146096775','Giant Acorn Olympic','2023-09-23','swim',1687),('9146096775','Giant Acorn Olympic','2023-09-23','bike',5077),('9146096775','Giant Acorn Olympic','2023-09-23','run',2954),('9146096775','Patriots Olympic','2023-06-18','swim',1883),('9146096775','Patriots Olympic','2023-06-18','bike',4331),('9146096775','Patriots Olympic','2023-06-18','run',3555),('9170718028','Blue Ridge Draft Legal','2023-10-14','swim',734),('9170718028','Blue Ridge Draft Legal','2023-10-14','bike',1894),('9170718028','Blue Ridge Draft Legal','2023-10-14','run',1072),('9170718028','Giant Acorn Olympic','2023-09-23','swim',1596),('9170718028','Giant Acorn Olympic','2023-09-23','bike',4335),('9170718028','Giant Acorn Olympic','2023-09-23','run',2409),('9170718028','Kinetic Cup Olympic','2022-10-15','swim',1647),('9170718028','Kinetic Cup Olympic','2022-10-15','bike',4266),('9170718028','Kinetic Cup Olympic','2022-10-15','run',2644),('9170718028','Patriots Olympic','2022-09-10','swim',924),('9170718028','Patriots Olympic','2022-09-10','bike',2081),('9170718028','Patriots Olympic','2022-09-10','run',1215),('9170718028','Patriots Sprint','2023-06-18','swim',906),('9170718028','Patriots Sprint','2023-06-18','bike',2101),('9170718028','Patriots Sprint','2023-06-18','run',1132),('9170718028','Pleasants Landing','2023-10-07','swim',778),('9170718028','Pleasants Landing','2023-10-07','bike',3809),('9170718028','Pleasants Landing','2023-10-07','run',2282),('9201241845','Azalea Sprint','2019-03-01','swim',309),('9201241845','Azalea Sprint','2019-03-01','bike',1711),('9201241845','Azalea Sprint','2019-03-01','run',1315),('9201241845','Belews Lake Sprint','2020-04-01','swim',959),('9201241845','Belews Lake Sprint','2020-04-01','bike',2597),('9201241845','Belews Lake Sprint','2020-04-01','run',1478),('9201241845','Belews Lake Sprint','2021-04-01','swim',0),('9201241845','Belews Lake Sprint','2021-04-01','bike',2571),('9201241845','Belews Lake Sprint','2021-04-01','run',0),('9201241845','Giant Acorn Olympic','2019-09-21','swim',1703),('9201241845','Giant Acorn Olympic','2019-09-21','bike',4555),('9201241845','Giant Acorn Olympic','2019-09-21','run',3707),('9201241845','Kinetic Cup Olympic','2019-10-19','swim',1625),('9201241845','Kinetic Cup Olympic','2019-10-19','bike',4407),('9201241845','Kinetic Cup Olympic','2019-10-19','run',2894),('9201241845','Kinetic Cup Olympic','2021-10-16','swim',1773),('9201241845','Kinetic Cup Olympic','2021-10-16','bike',4309),('9201241845','Kinetic Cup Olympic','2021-10-16','run',3045),('9201241845','Nationals - Buford','2021-11-01','swim',1023),('9201241845','Nationals - Buford','2021-11-01','bike',4853),('9201241845','Nationals - Buford','2021-11-01','run',2830),('9201241845','Patriots Olympic','2021-09-11','swim',1762),('9201241845','Patriots Olympic','2021-09-11','bike',4666),('9201241845','Patriots Olympic','2021-09-11','run',2838),('9201241845','Patriots Sprint','2018-03-01','swim',1075),('9201241845','Patriots Sprint','2018-03-01','bike',2569),('9201241845','Patriots Sprint','2018-03-01','run',1336),('9364974840','Giant Acorn Olympic','2022-09-24','swim',2757),('9364974840','Giant Acorn Olympic','2022-09-24','bike',4820),('9364974840','Giant Acorn Olympic','2022-09-24','run',3744),('9523120725','CLASH Daytona Half','2023-12-02','swim',2020),('9523120725','CLASH Daytona Half','2023-12-02','bike',10622),('9523120725','CLASH Daytona Half','2023-12-02','run',7204),('9523120725','Giant Acorn Olympic','2019-09-21','swim',1618),('9523120725','Giant Acorn Olympic','2019-09-21','bike',5522),('9523120725','Giant Acorn Olympic','2019-09-21','run',2959),('9523120725','Kinetic Cup Olympic','2019-10-19','swim',1658),('9523120725','Kinetic Cup Olympic','2019-10-19','bike',5473),('9523120725','Kinetic Cup Olympic','2019-10-19','run',3086),('9523120725','Kinetic Cup Olympic','2021-10-16','swim',1838),('9523120725','Kinetic Cup Olympic','2021-10-16','bike',5210),('9523120725','Kinetic Cup Olympic','2021-10-16','run',3781),('9523120725','Kinetic Cup Olympic','2022-10-15','swim',1601),('9523120725','Kinetic Cup Olympic','2022-10-15','bike',5022),('9523120725','Kinetic Cup Olympic','2022-10-15','run',3466),('9523120725','Nationals - Buford GA','2023-06-01','swim',1316),('9523120725','Nationals - Buford GA','2023-06-01','bike',4930),('9523120725','Nationals - Buford GA','2023-06-01','run',2923),('9523120725','Patriots Half','2023-06-17','swim',2429),('9523120725','Patriots Half','2023-06-17','bike',11826),('9523120725','Patriots Half','2023-06-17','run',8145),('9523120725','Patriots Olympic','2021-09-11','swim',1984),('9523120725','Patriots Olympic','2021-09-11','bike',4717),('9523120725','Patriots Olympic','2021-09-11','run',3591),('9523120725','Patriots Olympic','2022-09-10','swim',1823),('9523120725','Patriots Olympic','2022-09-10','bike',4673),('9523120725','Patriots Olympic','2022-09-10','run',3749),('9523120725','Smithfield Sprint','2023-05-03','swim',287),('9523120725','Smithfield Sprint','2023-05-03','bike',1888),('9523120725','Smithfield Sprint','2023-05-03','run',1311),('9523120725','Tri-at-the-Trump Sprint','2019-10-01','swim',838),('9523120725','Tri-at-the-Trump Sprint','2019-10-01','bike',2709),('9523120725','Tri-at-the-Trump Sprint','2019-10-01','run',1289),('9610978013','Azalea Sprint','2019-03-01','swim',274),('9610978013','Azalea Sprint','2019-03-01','bike',1461),('9610978013','Azalea Sprint','2019-03-01','run',1165),('9610978013','Kinetic Cup Olympic','2019-10-19','swim',1694),('9610978013','Kinetic Cup Olympic','2019-10-19','bike',4661),('9610978013','Kinetic Cup Olympic','2019-10-19','run',2632),('9610978013','Liberty Olympic','2019-03-01','swim',1509),('9610978013','Liberty Olympic','2019-03-01','bike',4223),('9610978013','Liberty Olympic','2019-03-01','run',2845),('9610978013','Luray Olympic','2018-03-01','swim',0),('9610978013','Luray Olympic','2018-03-01','bike',0),('9610978013','Luray Olympic','2018-03-01','run',2539),('9610978013','Luray Sprint','2018-03-01','swim',886),('9610978013','Luray Sprint','2018-03-01','bike',3132),('9610978013','Luray Sprint','2018-03-01','run',1256),('9610978013','Nationals - Tempe Olympic','2019-03-01','swim',1577),('9610978013','Nationals - Tempe Olympic','2019-03-01','bike',4319),('9610978013','Nationals - Tempe Olympic','2019-03-01','run',2647),('9610978013','Patriots Half','2018-03-01','swim',2479),('9610978013','Patriots Half','2018-03-01','bike',9865),('9610978013','Patriots Half','2018-03-01','run',7559),('9610978013','Patriots Sprint','2019-09-07','swim',835),('9610978013','Patriots Sprint','2019-09-07','bike',2117),('9610978013','Patriots Sprint','2019-09-07','run',1154),('9671390081','Giant Acorn Olympic','2019-09-21','swim',1760),('9671390081','Giant Acorn Olympic','2019-09-21','bike',4643),('9671390081','Giant Acorn Olympic','2019-09-21','run',2665),('9671390081','Kinetic Cup Olympic','2019-10-19','swim',1929),('9671390081','Kinetic Cup Olympic','2019-10-19','bike',4620),('9671390081','Kinetic Cup Olympic','2019-10-19','run',2864),('9671390081','Liberty Olympic','2019-03-01','swim',1964),('9671390081','Liberty Olympic','2019-03-01','bike',4644),('9671390081','Liberty Olympic','2019-03-01','run',3133),('9671390081','Nationals - Tempe Olympic','2019-03-01','swim',1922),('9671390081','Nationals - Tempe Olympic','2019-03-01','bike',4430),('9671390081','Nationals - Tempe Olympic','2019-03-01','run',2901),('9671390081','Patriots Olympic','2018-03-01','swim',2399),('9671390081','Patriots Olympic','2018-03-01','bike',4409),('9671390081','Patriots Olympic','2018-03-01','run',3140),('9671390081','Tri-at-the-Trump Sprint','2019-10-01','swim',1040),('9671390081','Tri-at-the-Trump Sprint','2019-10-01','bike',2383),('9671390081','Tri-at-the-Trump Sprint','2019-10-01','run',1332),('9740530843','Blue Ridge Draft Legal','2023-10-14','swim',706),('9740530843','Blue Ridge Draft Legal','2023-10-14','bike',2233),('9740530843','Blue Ridge Draft Legal','2023-10-14','run',1440),('9740530843','Giant Acorn Olympic','2023-09-23','swim',1416),('9740530843','Giant Acorn Olympic','2023-09-23','bike',5038),('9740530843','Giant Acorn Olympic','2023-09-23','run',2550),('9740530843','Patriots Sprint','2023-06-18','swim',871),('9740530843','Patriots Sprint','2023-06-18','bike',2392),('9740530843','Patriots Sprint','2023-06-18','run',1262);
/*!40000 ALTER TABLE `legresults` ENABLE KEYS */;
UNLOCK TABLES;

--
-- Table structure for table `race`
--

DROP TABLE IF EXISTS `race`;
/*!40101 SET @saved_cs_client     = @@character_set_client */;
/*!50503 SET character_set_client = utf8mb4 */;
CREATE TABLE `race` (
  `RaceName` varchar(30) NOT NULL,
  `City` varchar(20) DEFAULT NULL,
  `State` varchar(20) DEFAULT NULL,
  `Type` enum('sprint','olympic','half ironman','ironman','other') DEFAULT NULL,
  `RaceDate` date NOT NULL,
  PRIMARY KEY (`RaceName`,`RaceDate`)
) ENGINE=InnoDB DEFAULT CHARSET=utf8mb4 COLLATE=utf8mb4_0900_ai_ci;
/*!40101 SET character_set_client = @saved_cs_client */;

--
-- Dumping data for table `race`
--

LOCK TABLES `race` WRITE;
/*!40000 ALTER TABLE `race` DISABLE KEYS */;
INSERT INTO `race` VALUES ('Azalea Sprint','Wilmington','North Carolina','sprint','2019-03-01'),('Belews Lake Olympic','Stokesdale','North Carolina','olympic','2020-04-01'),('Belews Lake Olympic','Stokesdale','North Carolina','olympic','2021-04-01'),('Belews Lake Sprint','Stokesdale','North Carolina','sprint','2020-04-01'),('Belews Lake Sprint','Stokesdale','North Carolina','sprint','2021-04-01'),('Belews Lake Sprint','Stokesdale','North Carolina','sprint','2023-05-27'),('Blue Ridge Draft Legal','Huddleston','Virginia','sprint','2023-10-14'),('CLASH Daytona Half','Daytona','Florida','half ironman','2023-12-02'),('CLASH Daytona Sprint','Daytona','Florida','sprint','2023-12-01'),('Conferences - Draft Legal','Smith Mountain Lake','Virginia','sprint','2022-10-15'),('Giant Acord Olympic','unknown','Virginia','olympic','2018-03-01'),('Giant Acorn Olympic','Lake Anna','Virginia','olympic','2019-09-21'),('Giant Acorn Olympic','Lake Anna','Virginia','olympic','2021-09-25'),('Giant Acorn Olympic','Lake Anna','Virginia','olympic','2022-09-24'),('Giant Acorn Olympic','Lake Anna','Virginia','olympic','2023-09-23'),('Giant Acorn Sprint','Lake Anna','Virginia','sprint','2023-09-23'),('Kinetic Cup Olympic','Smith Mountain Lake','Virginia','olympic','2019-10-19'),('Kinetic Cup Olympic','Smith Mountain Lake','Virginia','olympic','2021-10-16'),('Kinetic Cup Olympic','Smith Mountain Lake','Virginia','olympic','2022-10-15'),('Liberty Olympic','Lynchburg','Virginia','olympic','2019-03-01'),('Luray Olympic','Luray','Virginia','olympic','2018-03-01'),('Luray Sprint','Luray','Virginia','sprint','2018-03-01'),('Nationals - Buford','Buford','Virginia','olympic','2021-11-01'),('Nationals - Buford GA','Buford','Georgia','olympic','2023-06-01'),('Nationals - Tempe Olympic','Tempe','Arizona','olympic','2019-03-01'),('Nationals Sprint - Buford GA','Buford','Georgia','sprint','2023-06-01'),('Patriots Half','unknown','Virginia','half ironman','2018-03-01'),('Patriots Half','Williamsburg','Virginia','half ironman','2021-09-11'),('Patriots Half','Williamsburg','Virginia','half ironman','2022-09-10'),('Patriots Half','Williamsburg','Virginia','half ironman','2023-06-17'),('Patriots Olympic','unknown','Virginia','olympic','2018-03-01'),('Patriots Olympic','Williamsburg','Virginia','olympic','2021-09-11'),('Patriots Olympic','Williamsburg','Virginia','half ironman','2022-09-10'),('Patriots Olympic','Williamsburg','Virginia','olympic','2023-06-18'),('Patriots Sprint','unknown','Virginia','sprint','2018-03-01'),('Patriots Sprint','Williamsburg','Virginia','sprint','2019-09-07'),('Patriots Sprint','Williamsburg','Virginia','sprint','2021-09-11'),('Patriots Sprint','Williamsburg','Virginia','half ironman','2022-09-10'),('Patriots Sprint','Williamsburg','Virginia','sprint','2023-06-18'),('Pleasants Landing','Bumpass','Virginia','olympic','2023-10-07'),('Richmond Sprint','Richmond','Virginia','sprint','2019-03-01'),('Smithfield Sprint','Smithfield','Virginia','sprint','2023-05-03'),('Tempe DL Sprint','Tempe','Arizona','sprint','2019-03-01'),('Tri-at-the-Trump Sprint','Mooresville','North Carolina','sprint','2019-10-01');
/*!40000 ALTER TABLE `race` ENABLE KEYS */;
UNLOCK TABLES;

--
-- Table structure for table `raceresults`
--

DROP TABLE IF EXISTS `raceresults`;
/*!40101 SET @saved_cs_client     = @@character_set_client */;
/*!50503 SET character_set_client = utf8mb4 */;
CREATE TABLE `raceresults` (
  `AthleteID` char(10) NOT NULL,
  `RaceName` varchar(30) NOT NULL,
  `RaceDate` date NOT NULL,
  `TimeTotal` float unsigned DEFAULT '0',
  `PlaceOA` int DEFAULT NULL,
  `PlaceAG` int DEFAULT NULL,
  PRIMARY KEY (`AthleteID`,`RaceName`,`RaceDate`),
  KEY `fk_race_date_idx` (`RaceDate`),
  KEY `fk_raceinfo_rr_idx` (`RaceName`,`RaceDate`),
  CONSTRAINT `fk_athleteid_rr` FOREIGN KEY (`AthleteID`) REFERENCES `athlete` (`AthleteID`) ON DELETE CASCADE ON UPDATE CASCADE,
  CONSTRAINT `fk_raceinfo_rr` FOREIGN KEY (`RaceName`, `RaceDate`) REFERENCES `race` (`RaceName`, `RaceDate`) ON DELETE CASCADE ON UPDATE CASCADE
) ENGINE=InnoDB DEFAULT CHARSET=utf8mb4 COLLATE=utf8mb4_0900_ai_ci;
/*!40101 SET character_set_client = @saved_cs_client */;

--
-- Dumping data for table `raceresults`
--

LOCK TABLES `raceresults` WRITE;
/*!40000 ALTER TABLE `raceresults` DISABLE KEYS */;
INSERT INTO `raceresults` VALUES ('0201768553','Belews Lake Olympic','2020-04-01',8558,NULL,NULL),('0201768553','Belews Lake Sprint','2021-04-01',4248,NULL,NULL),('0201768553','CLASH Daytona Half','2023-12-02',16922,NULL,NULL),('0201768553','Conferences - Draft Legal','2022-10-15',3795,NULL,NULL),('0201768553','Giant Acord Olympic','2018-03-01',9713,NULL,NULL),('0201768553','Giant Acorn Olympic','2019-09-21',8104,NULL,NULL),('0201768553','Giant Acorn Olympic','2021-09-25',7775,NULL,NULL),('0201768553','Giant Acorn Olympic','2022-09-24',7826,NULL,NULL),('0201768553','Kinetic Cup Olympic','2019-10-19',8201,NULL,NULL),('0201768553','Kinetic Cup Olympic','2021-10-16',7760,NULL,NULL),('0201768553','Liberty Olympic','2019-03-01',8899,NULL,NULL),('0201768553','Nationals - Buford','2021-11-01',7936,NULL,NULL),('0201768553','Nationals - Buford GA','2023-06-01',7846,NULL,NULL),('0201768553','Nationals - Tempe Olympic','2019-03-01',8793,NULL,NULL),('0201768553','Nationals Sprint - Buford GA','2023-06-01',4006,NULL,NULL),('0201768553','Patriots Olympic','2021-09-11',7602,NULL,NULL),('0201768553','Patriots Olympic','2022-09-10',4053,NULL,NULL),('0201768553','Richmond Sprint','2019-03-01',3982,NULL,NULL),('0201768553','Tri-at-the-Trump Sprint','2019-10-01',4165,NULL,NULL),('0249763617','Giant Acord Olympic','2018-03-01',9060,NULL,NULL),('0249763617','Kinetic Cup Olympic','2019-10-19',9609,NULL,NULL),('0249763617','Liberty Olympic','2019-03-01',9071,NULL,NULL),('0249763617','Nationals - Tempe Olympic','2019-03-01',9272,NULL,NULL),('0249763617','Patriots Sprint','2019-09-07',4525,NULL,NULL),('0249763617','Tri-at-the-Trump Sprint','2019-10-01',4440,NULL,NULL),('0294994685','CLASH Daytona Sprint','2023-12-01',4885,NULL,NULL),('0294994685','Giant Acorn Olympic','2023-09-23',11654,NULL,NULL),('0388662324','Conferences - Draft Legal','2022-10-15',4084,NULL,NULL),('0388662324','Kinetic Cup Olympic','2021-10-16',8969,NULL,NULL),('0388662324','Nationals - Buford','2021-11-01',8294,NULL,NULL),('0388662324','Nationals - Buford GA','2023-06-01',8438,NULL,NULL),('0388662324','Patriots Olympic','2022-09-10',4290,NULL,NULL),('0388662324','Patriots Sprint','2023-06-18',4875,NULL,NULL),('0599744246','Belews Lake Sprint','2020-04-01',4635,NULL,NULL),('0599744246','Giant Acorn Olympic','2019-09-21',8666,NULL,NULL),('0599744246','Giant Acorn Olympic','2021-09-25',8331,NULL,NULL),('0599744246','Kinetic Cup Olympic','2019-10-19',8633,NULL,NULL),('0599744246','Kinetic Cup Olympic','2021-10-16',8578,NULL,NULL),('0599744246','Liberty Olympic','2019-03-01',9163,NULL,NULL),('0599744246','Nationals - Buford','2021-11-01',8189,NULL,NULL),('0599744246','Nationals - Tempe Olympic','2019-03-01',9128,NULL,NULL),('0599744246','Patriots Half','2021-09-11',17594,NULL,NULL),('0599744246','Patriots Sprint','2018-03-01',4471,NULL,NULL),('0599744246','Richmond Sprint','2019-03-01',3992,NULL,NULL),('0599744246','Tri-at-the-Trump Sprint','2019-10-01',4999,NULL,NULL),('0667937186','Giant Acorn Olympic','2022-09-24',11434,NULL,NULL),('0667937186','Nationals - Buford GA','2023-06-01',10169,NULL,NULL),('0972572374','Azalea Sprint','2019-03-01',3710,NULL,NULL),('0972572374','Kinetic Cup Olympic','2019-10-19',9550,NULL,NULL),('0972572374','Kinetic Cup Olympic','2021-10-16',12121,NULL,NULL),('0972572374','Liberty Olympic','2019-03-01',10765,NULL,NULL),('0972572374','Nationals - Buford','2021-11-01',9728,NULL,NULL),('0972572374','Nationals - Tempe Olympic','2019-03-01',10168,NULL,NULL),('0972572374','Patriots Sprint','2018-03-01',5244,NULL,NULL),('0972572374','Patriots Sprint','2019-09-07',4881,NULL,NULL),('0972572374','Tri-at-the-Trump Sprint','2019-10-01',4786,NULL,NULL),('1448635233','Liberty Olympic','2019-03-01',8985,NULL,NULL),('1545455861','Tri-at-the-Trump Sprint','2019-10-01',5853,NULL,NULL),('1611430793','Patriots Sprint','2018-03-01',4002,NULL,NULL),('1611430793','Richmond Sprint','2019-03-01',4105,NULL,NULL),('2006769864','Kinetic Cup Olympic','2019-10-19',10081,NULL,NULL),('2006769864','Liberty Olympic','2019-03-01',9416,NULL,NULL),('2006769864','Nationals - Tempe Olympic','2019-03-01',9816,NULL,NULL),('2066802910','Kinetic Cup Olympic','2019-10-19',9941,NULL,NULL),('2066802910','Tri-at-the-Trump Sprint','2019-10-01',4959,NULL,NULL),('2114625963','Giant Acorn Olympic','2021-09-25',9726,NULL,NULL),('2114625963','Kinetic Cup Olympic','2021-10-16',9585,NULL,NULL),('2114625963','Nationals - Buford','2021-11-01',9390,NULL,NULL),('2116602935','Azalea Sprint','2019-03-01',3129,NULL,NULL),('2116602935','Giant Acord Olympic','2018-03-01',9078,NULL,NULL),('2116602935','Giant Acorn Olympic','2019-09-21',7599,NULL,NULL),('2116602935','Kinetic Cup Olympic','2019-10-19',8619,NULL,NULL),('2116602935','Kinetic Cup Olympic','2021-10-16',6610,NULL,NULL),('2116602935','Liberty Olympic','2019-03-01',8656,NULL,NULL),('2116602935','Nationals - Tempe Olympic','2019-03-01',8825,NULL,NULL),('2116602935','Patriots Sprint','2018-03-01',4366,NULL,NULL),('2116602935','Patriots Sprint','2019-09-07',4299,NULL,NULL),('2116602935','Tri-at-the-Trump Sprint','2019-10-01',4290,NULL,NULL),('2469716968','Patriots Half','2023-06-17',20615,NULL,1),('2469716968','Patriots Olympic','2022-09-10',9726,NULL,NULL),('2552176071','CLASH Daytona Sprint','2023-12-01',7920,NULL,NULL),('2570921522','Patriots Sprint','2018-03-01',5990,NULL,NULL),('2580865796','Giant Acord Olympic','2018-03-01',8459,NULL,NULL),('2580865796','Giant Acorn Olympic','2019-09-21',8316,NULL,NULL),('2580865796','Kinetic Cup Olympic','2019-10-19',8214,NULL,NULL),('2580865796','Liberty Olympic','2019-03-01',8283,NULL,NULL),('2580865796','Nationals - Tempe Olympic','2019-03-01',8540,NULL,NULL),('2580865796','Patriots Half','2018-03-01',18759,NULL,NULL),('2580865796','Patriots Sprint','2018-03-01',4132,NULL,NULL),('2580865796','Tempe DL Sprint','2019-03-01',4340,NULL,NULL),('2696104754','Belews Lake Olympic','2021-04-01',9017,NULL,NULL),('2696104754','Belews Lake Sprint','2020-04-01',4573,NULL,NULL),('2696104754','CLASH Daytona Half','2023-12-02',15382,NULL,NULL),('2696104754','Giant Acorn Olympic','2022-09-24',8193,NULL,NULL),('2696104754','Kinetic Cup Olympic','2021-10-16',8523,NULL,NULL),('2696104754','Kinetic Cup Olympic','2022-10-15',8116,NULL,NULL),('2696104754','Nationals - Buford','2021-11-01',7993,NULL,NULL),('2696104754','Nationals - Buford GA','2023-06-01',7622,NULL,NULL),('2696104754','Pleasants Landing','2023-10-07',6588,NULL,NULL),('2711430262','Azalea Sprint','2019-03-01',3630,NULL,NULL),('2711430262','Giant Acorn Olympic','2019-09-21',7661,NULL,NULL),('2711430262','Kinetic Cup Olympic','2019-10-19',10206,NULL,NULL),('2711430262','Liberty Olympic','2019-03-01',10300,NULL,NULL),('2711430262','Nationals - Tempe Olympic','2019-03-01',10008,NULL,NULL),('2711430262','Patriots Sprint','2019-09-07',4664,NULL,NULL),('2711430262','Tri-at-the-Trump Sprint','2019-10-01',4475,NULL,NULL),('2775864644','Belews Lake Olympic','2020-04-01',10880,NULL,NULL),('2775864644','Kinetic Cup Olympic','2019-10-19',8301,NULL,NULL),('2775864644','Liberty Olympic','2019-03-01',8485,NULL,NULL),('2775864644','Nationals - Tempe Olympic','2019-03-01',8831,NULL,NULL),('2775864644','Patriots Sprint','2018-03-01',4486,NULL,NULL),('2775864644','Richmond Sprint','2019-03-01',3841,NULL,NULL),('3167832723','Smithfield Sprint','2023-05-03',3340,NULL,NULL),('3261298872','Giant Acorn Olympic','2023-09-23',11654,NULL,NULL),('3261298872','Patriots Sprint','2023-06-18',4930,NULL,NULL),('3335343328','Belews Lake Olympic','2020-04-01',8932,NULL,NULL),('3335343328','Kinetic Cup Olympic','2019-10-19',9835,NULL,NULL),('3335343328','Tri-at-the-Trump Sprint','2019-10-01',4956,NULL,NULL),('3353743306','Giant Acorn Olympic','2021-09-25',10638,NULL,NULL),('3353743306','Nationals - Buford','2021-11-01',11181,NULL,NULL),('3353743306','Smithfield Sprint','2023-05-03',4225,NULL,NULL),('3608739027','Giant Acorn Olympic','2022-09-24',9913,NULL,NULL),('3608739027','Kinetic Cup Olympic','2022-10-15',10343,NULL,NULL),('3761084756','Patriots Sprint','2023-06-18',6133,NULL,NULL),('3937274148','Patriots Sprint','2023-06-18',5633,NULL,NULL),('4401287254','Nationals - Buford','2021-11-01',10627,NULL,NULL),('4401287254','Patriots Olympic','2021-09-11',9746,NULL,NULL),('464538977','Blue Ridge Draft Legal','2023-10-14',4745,NULL,NULL),('464538977','CLASH Daytona Half','2023-12-02',21148,NULL,NULL),('4764654361','Giant Acorn Olympic','2021-09-25',8505,NULL,NULL),('4764654361','Giant Acorn Olympic','2022-09-24',8152,NULL,NULL),('4764654361','Giant Acorn Olympic','2023-09-23',7948,NULL,NULL),('4764654361','Kinetic Cup Olympic','2021-10-16',8011,NULL,NULL),('4764654361','Kinetic Cup Olympic','2022-10-15',7733,NULL,NULL),('4764654361','Nationals - Buford','2021-11-01',7536,NULL,NULL),('4764654361','Pleasants Landing','2023-10-07',6885,NULL,NULL),('4922385494','Azalea Sprint','2019-03-01',4381,NULL,NULL),('4922385494','Kinetic Cup Olympic','2019-10-19',11925,NULL,NULL),('4922385494','Tri-at-the-Trump Sprint','2019-10-01',5864,NULL,NULL),('4968292801','Pleasants Landing','2023-10-07',8189,NULL,NULL),('5113544648','CLASH Daytona Sprint','2023-12-01',6672,NULL,NULL),('5119278768','Belews Lake Sprint','2021-04-01',5158,NULL,NULL),('5119278768','Giant Acorn Olympic','2021-09-25',11291,NULL,NULL),('5119278768','Kinetic Cup Olympic','2021-10-16',11649,NULL,NULL),('5313622719','Patriots Sprint','2019-09-07',4485,NULL,NULL),('5485772096','Giant Acorn Olympic','2022-09-24',9216,NULL,NULL),('5485772096','Nationals - Buford GA','2023-06-01',8978,NULL,NULL),('5485772096','Patriots Sprint','2023-06-18',4859,NULL,NULL),('5485772096','Pleasants Landing','2023-10-07',7435,NULL,NULL),('5599555021','Giant Acorn Olympic','2019-09-21',7599,NULL,NULL),('5599555021','Patriots Sprint','2019-09-07',4923,NULL,NULL),('5698812619','Belews Lake Sprint','2021-04-01',5015,NULL,NULL),('5698812619','Giant Acorn Olympic','2021-09-25',10430,NULL,NULL),('5698812619','Kinetic Cup Olympic','2021-10-16',9968,NULL,NULL),('5698812619','Nationals - Buford','2021-11-01',9063,NULL,NULL),('5702903750','Tri-at-the-Trump Sprint','2019-10-01',3819,NULL,NULL),('5713059843','Belews Lake Sprint','2021-04-01',4638,NULL,NULL),('5713059843','CLASH Daytona Sprint','2023-12-01',4350,NULL,NULL),('5713059843','Giant Acorn Olympic','2021-09-25',9340,NULL,NULL),('5713059843','Giant Acorn Olympic','2022-09-24',8710,NULL,NULL),('5713059843','Kinetic Cup Olympic','2021-10-16',9156,NULL,NULL),('5713059843','Kinetic Cup Olympic','2022-10-15',8818,NULL,NULL),('5713059843','Nationals - Buford','2021-11-01',8739,NULL,NULL),('5713059843','Nationals - Buford GA','2023-06-01',8059,NULL,NULL),('5713059843','Patriots Half','2023-06-17',20928,NULL,NULL),('5713059843','Patriots Sprint','2023-06-18',4311,NULL,NULL),('5713059843','Smithfield Sprint','2023-05-03',3206,NULL,NULL),('5774333930','CLASH Daytona Sprint','2023-12-01',5428,NULL,NULL),('5774333930','Giant Acorn Olympic','2023-09-23',11623,NULL,NULL),('5774333930','Pleasants Landing','2023-10-07',11374,NULL,NULL),('5788073021','CLASH Daytona Half','2023-12-02',16745,NULL,NULL),('5788073021','Giant Acorn Olympic','2023-09-23',8467,NULL,NULL),('5788073021','Pleasants Landing','2023-10-07',7270,NULL,NULL),('5836497424','Belews Lake Sprint','2020-04-01',6732,NULL,NULL),('5836497424','Kinetic Cup Olympic','2019-10-19',11503,NULL,NULL),('6420791129','Nationals - Buford GA','2023-06-01',9602,NULL,NULL),('6420791129','Pleasants Landing','2023-10-07',8215,NULL,NULL),('6420791129','Smithfield Sprint','2023-05-03',3574,NULL,NULL),('6508991546','Liberty Olympic','2019-03-01',9000,NULL,NULL),('6508991546','Patriots Sprint','2018-03-01',4800,NULL,NULL),('6874599561','Liberty Olympic','2019-03-01',11337,NULL,NULL),('6874599561','Patriots Sprint','2018-03-01',5791,NULL,NULL),('6883275876','Giant Acorn Olympic','2019-09-21',7661,NULL,NULL),('6883275876','Liberty Olympic','2019-03-01',9709,NULL,NULL),('6883275876','Nationals - Tempe Olympic','2019-03-01',9498,NULL,NULL),('6927596133','Azalea Sprint','2019-03-01',3566,NULL,NULL),('6927596133','Giant Acord Olympic','2018-03-01',10741,NULL,NULL),('6927596133','Giant Acorn Olympic','2019-09-21',9720,NULL,NULL),('6927596133','Liberty Olympic','2019-03-01',10401,NULL,NULL),('6927596133','Nationals - Tempe Olympic','2019-03-01',10569,NULL,NULL),('6927596133','Patriots Sprint','2018-03-01',5337,NULL,NULL),('6993059391','CLASH Daytona Sprint','2023-12-01',4287,NULL,NULL),('7025345402','CLASH Daytona Half','2023-12-02',18851,NULL,NULL),('7025345402','Giant Acorn Olympic','2023-09-23',10570,NULL,NULL),('7025345402','Kinetic Cup Olympic','2022-10-15',10508,NULL,NULL),('7025345402','Nationals - Buford GA','2023-06-01',10902,NULL,NULL),('7025345402','Pleasants Landing','2023-10-07',9116,NULL,NULL),('7119825992','Liberty Olympic','2019-03-01',9720,NULL,NULL),('7119825992','Patriots Sprint','2018-03-01',4979,NULL,NULL),('7239494167','Belews Lake Sprint','2021-04-01',4637,NULL,NULL),('7239494167','Blue Ridge Draft Legal','2023-10-14',3716,NULL,NULL),('7239494167','CLASH Daytona Sprint','2023-12-01',3902,NULL,NULL),('7239494167','Giant Acorn Olympic','2021-09-25',10638,NULL,NULL),('7239494167','Giant Acorn Olympic','2022-09-24',8496,NULL,NULL),('7239494167','Giant Acorn Olympic','2023-09-23',8222,NULL,NULL),('7239494167','Kinetic Cup Olympic','2021-10-16',9878,NULL,NULL),('7239494167','Kinetic Cup Olympic','2022-10-15',8238,NULL,NULL),('7239494167','Nationals - Buford','2021-11-01',8661,NULL,NULL),('7239494167','Nationals - Buford GA','2023-06-01',8354,NULL,NULL),('7239494167','Patriots Half','2023-06-17',19752,NULL,NULL),('7239494167','Patriots Olympic','2023-06-18',8270,3,NULL),('7239494167','Pleasants Landing','2023-10-07',6982,NULL,NULL),('7661183485','Azalea Sprint','2019-03-01',3432,NULL,NULL),('7661183485','Luray Olympic','2018-03-01',9830,NULL,NULL),('7661183485','Patriots Half','2018-03-01',20788,NULL,NULL),('7720063701','Belews Lake Olympic','2020-04-01',10137,NULL,NULL),('7726157074','Giant Acorn Olympic','2019-09-21',7661,NULL,NULL),('7726157074','Liberty Olympic','2019-03-01',8637,NULL,NULL),('7726157074','Nationals - Tempe Olympic','2019-03-01',8449,NULL,NULL),('7726157074','Patriots Half','2018-03-01',19888,NULL,NULL),('7726157074','Patriots Sprint','2019-09-07',4283,NULL,NULL),('7731450680','Liberty Olympic','2019-03-01',8853,NULL,NULL),('7731450680','Patriots Sprint','2018-03-01',4453,NULL,NULL),('7731450680','Richmond Sprint','2019-03-01',4082,NULL,NULL),('7820315500','Giant Acorn Olympic','2019-09-21',9209,NULL,NULL),('7820315500','Kinetic Cup Olympic','2019-10-19',9041,NULL,NULL),('7820315500','Patriots Sprint','2019-09-07',4777,NULL,NULL),('7820315500','Tri-at-the-Trump Sprint','2019-10-01',4663,NULL,NULL),('8005234325','Patriots Sprint','2018-03-01',4288,NULL,NULL),('8104140960','CLASH Daytona Sprint','2023-12-01',5811,NULL,NULL),('8104140960','Giant Acorn Olympic','2023-09-23',11654,NULL,NULL),('8123611192','Luray Olympic','2018-03-01',0,NULL,NULL),('8132729710','Liberty Olympic','2019-03-01',9014,NULL,NULL),('8132729710','Nationals - Tempe Olympic','2019-03-01',9043,NULL,NULL),('8132729710','Patriots Half','2018-03-01',21239,NULL,NULL),('8214033320','Belews Lake Sprint','2020-04-01',4810,NULL,NULL),('8214033320','Giant Acorn Olympic','2021-09-25',9211,NULL,NULL),('8214033320','Kinetic Cup Olympic','2021-10-16',9221,NULL,NULL),('8214033320','Nationals - Buford','2021-11-01',9091,NULL,NULL),('8214033320','Patriots Half','2023-06-17',20585,NULL,NULL),('8214033320','Patriots Olympic','2021-09-11',8964,NULL,NULL),('8214033320','Patriots Sprint','2023-06-18',4574,NULL,NULL),('8292746489','Giant Acord Olympic','2018-03-01',9364,NULL,NULL),('8292746489','Giant Acorn Olympic','2019-09-21',7599,NULL,NULL),('8292746489','Kinetic Cup Olympic','2019-10-19',8861,NULL,NULL),('8292746489','Liberty Olympic','2019-03-01',9612,NULL,NULL),('8292746489','Nationals - Tempe Olympic','2019-03-01',10010,NULL,NULL),('8292746489','Patriots Sprint','2018-03-01',4446,NULL,NULL),('8292746489','Tri-at-the-Trump Sprint','2019-10-01',4324,NULL,NULL),('8337824653','Giant Acorn Olympic','2023-09-23',8911,NULL,NULL),('8337824653','Pleasants Landing','2023-10-07',7341,NULL,NULL),('8620488679','Liberty Olympic','2019-03-01',9826,NULL,NULL),('8980209414','Belews Lake Sprint','2021-04-01',4702,NULL,NULL),('8980209414','CLASH Daytona Half','2023-12-02',18468,NULL,NULL),('8980209414','Giant Acorn Olympic','2021-09-25',8757,NULL,NULL),('8980209414','Giant Acorn Olympic','2022-09-24',8910,NULL,NULL),('8980209414','Kinetic Cup Olympic','2021-10-16',8766,NULL,NULL),('8980209414','Nationals - Buford','2021-11-01',9058,NULL,NULL),('8980209414','Nationals - Buford GA','2023-06-01',9174,NULL,NULL),('8980209414','Patriots Olympic','2021-09-11',8719,NULL,NULL),('8980209414','Patriots Olympic','2022-09-10',8662,NULL,NULL),('8980209414','Patriots Olympic','2023-06-18',8770,2,NULL),('8980209414','Patriots Sprint','2023-06-18',4509,NULL,NULL),('8980209414','Pleasants Landing','2023-10-07',7909,NULL,NULL),('8990326044','Liberty Olympic','2019-03-01',10088,NULL,NULL),('8990326044','Patriots Half','2018-03-01',24066,NULL,NULL),('9095138819','CLASH Daytona Sprint','2023-12-01',4697,NULL,NULL),('9095138819','Giant Acorn Olympic','2023-09-23',12002,NULL,NULL),('9095138819','Pleasants Landing','2023-10-07',9569,NULL,NULL),('9146096775','Giant Acorn Olympic','2023-09-23',9947,NULL,NULL),('9146096775','Patriots Olympic','2023-06-18',10036,NULL,1),('9170718028','Blue Ridge Draft Legal','2023-10-14',3814,NULL,NULL),('9170718028','Giant Acorn Olympic','2023-09-23',8474,NULL,NULL),('9170718028','Kinetic Cup Olympic','2022-10-15',8817,NULL,NULL),('9170718028','Patriots Olympic','2022-09-10',4408,NULL,NULL),('9170718028','Patriots Sprint','2023-06-18',4312,NULL,NULL),('9170718028','Pleasants Landing','2023-10-07',7036,NULL,NULL),('9201241845','Azalea Sprint','2019-03-01',3550,NULL,NULL),('9201241845','Belews Lake Sprint','2020-04-01',5213,NULL,NULL),('9201241845','Belews Lake Sprint','2021-04-01',5108,NULL,NULL),('9201241845','Giant Acorn Olympic','2019-09-21',10208,NULL,NULL),('9201241845','Kinetic Cup Olympic','2019-10-19',9276,NULL,NULL),('9201241845','Kinetic Cup Olympic','2021-10-16',9391,NULL,NULL),('9201241845','Nationals - Buford','2021-11-01',9336,NULL,NULL),('9201241845','Patriots Olympic','2021-09-11',9647,NULL,NULL),('9201241845','Patriots Sprint','2018-03-01',5234,NULL,NULL),('9364974840','Giant Acorn Olympic','2022-09-24',11681,NULL,NULL),('9523120725','CLASH Daytona Half','2023-12-02',20285,NULL,NULL),('9523120725','Giant Acorn Olympic','2019-09-21',10367,NULL,NULL),('9523120725','Kinetic Cup Olympic','2019-10-19',10494,NULL,NULL),('9523120725','Kinetic Cup Olympic','2021-10-16',11202,NULL,NULL),('9523120725','Kinetic Cup Olympic','2022-10-15',10510,NULL,NULL),('9523120725','Nationals - Buford GA','2023-06-01',9487,NULL,NULL),('9523120725','Patriots Half','2023-06-17',22767,NULL,2),('9523120725','Patriots Olympic','2021-09-11',10733,NULL,NULL),('9523120725','Patriots Olympic','2022-09-10',10662,NULL,NULL),('9523120725','Smithfield Sprint','2023-05-03',3677,NULL,NULL),('9523120725','Tri-at-the-Trump Sprint','2019-10-01',5045,NULL,NULL),('9610978013','Azalea Sprint','2019-03-01',3046,NULL,NULL),('9610978013','Kinetic Cup Olympic','2019-10-19',9296,NULL,NULL),('9610978013','Liberty Olympic','2019-03-01',8749,NULL,NULL),('9610978013','Luray Olympic','2018-03-01',0,NULL,NULL),('9610978013','Luray Sprint','2018-03-01',5401,NULL,NULL),('9610978013','Nationals - Tempe Olympic','2019-03-01',8782,NULL,NULL),('9610978013','Patriots Half','2018-03-01',20164,NULL,NULL),('9610978013','Patriots Sprint','2019-09-07',4328,NULL,NULL),('9671390081','Giant Acorn Olympic','2019-09-21',9322,NULL,NULL),('9671390081','Kinetic Cup Olympic','2019-10-19',9746,NULL,NULL),('9671390081','Liberty Olympic','2019-03-01',9901,NULL,NULL),('9671390081','Nationals - Tempe Olympic','2019-03-01',9540,NULL,NULL),('9671390081','Patriots Olympic','2018-03-01',10303,NULL,NULL),('9671390081','Tri-at-the-Trump Sprint','2019-10-01',4908,NULL,NULL),('9740530843','Blue Ridge Draft Legal','2023-10-14',4539,NULL,NULL),('9740530843','Giant Acorn Olympic','2023-09-23',9210,NULL,NULL),('9740530843','Patriots Sprint','2023-06-18',4780,NULL,NULL);
/*!40000 ALTER TABLE `raceresults` ENABLE KEYS */;
UNLOCK TABLES;

--
-- Table structure for table `transitionresults`
--

DROP TABLE IF EXISTS `transitionresults`;
/*!40101 SET @saved_cs_client     = @@character_set_client */;
/*!50503 SET character_set_client = utf8mb4 */;
CREATE TABLE `transitionresults` (
  `AthleteID` char(10) NOT NULL,
  `RaceName` varchar(30) NOT NULL,
  `RaceDate` date NOT NULL,
  `TName` enum('T1','T2') NOT NULL,
  `Time` float unsigned DEFAULT '0',
  PRIMARY KEY (`AthleteID`,`RaceName`,`RaceDate`,`TName`),
  KEY `rk_raceinfo_tr_idx` (`RaceName`,`RaceDate`),
  CONSTRAINT `rk_athleteid_tr` FOREIGN KEY (`AthleteID`) REFERENCES `athlete` (`AthleteID`) ON DELETE CASCADE ON UPDATE CASCADE,
  CONSTRAINT `rk_raceinfo_tr` FOREIGN KEY (`RaceName`, `RaceDate`) REFERENCES `race` (`RaceName`, `RaceDate`) ON DELETE CASCADE ON UPDATE CASCADE
) ENGINE=InnoDB DEFAULT CHARSET=utf8mb4 COLLATE=utf8mb4_0900_ai_ci;
/*!40101 SET character_set_client = @saved_cs_client */;

--
-- Dumping data for table `transitionresults`
--

LOCK TABLES `transitionresults` WRITE;
/*!40000 ALTER TABLE `transitionresults` DISABLE KEYS */;
INSERT INTO `transitionresults` VALUES ('0201768553','Belews Lake Olympic','2020-04-01','T1',0),('0201768553','Belews Lake Olympic','2020-04-01','T2',86),('0201768553','Belews Lake Sprint','2021-04-01','T1',73),('0201768553','Belews Lake Sprint','2021-04-01','T2',53),('0201768553','CLASH Daytona Half','2023-12-02','T1',130),('0201768553','CLASH Daytona Half','2023-12-02','T2',95),('0201768553','Conferences - Draft Legal','2022-10-15','T1',80),('0201768553','Conferences - Draft Legal','2022-10-15','T2',49),('0201768553','Giant Acord Olympic','2018-03-01','T1',163),('0201768553','Giant Acord Olympic','2018-03-01','T2',128),('0201768553','Giant Acorn Olympic','2019-09-21','T1',116),('0201768553','Giant Acorn Olympic','2019-09-21','T2',0),('0201768553','Giant Acorn Olympic','2021-09-25','T1',0),('0201768553','Giant Acorn Olympic','2021-09-25','T2',0),('0201768553','Giant Acorn Olympic','2022-09-24','T1',0),('0201768553','Giant Acorn Olympic','2022-09-24','T2',96),('0201768553','Kinetic Cup Olympic','2019-10-19','T1',185),('0201768553','Kinetic Cup Olympic','2019-10-19','T2',68),('0201768553','Kinetic Cup Olympic','2021-10-16','T1',98),('0201768553','Kinetic Cup Olympic','2021-10-16','T2',52),('0201768553','Liberty Olympic','2019-03-01','T1',149),('0201768553','Liberty Olympic','2019-03-01','T2',58),('0201768553','Nationals - Buford','2021-11-01','T1',237),('0201768553','Nationals - Buford','2021-11-01','T2',91),('0201768553','Nationals - Buford GA','2023-06-01','T1',145),('0201768553','Nationals - Buford GA','2023-06-01','T2',58),('0201768553','Nationals - Tempe Olympic','2019-03-01','T1',170),('0201768553','Nationals - Tempe Olympic','2019-03-01','T2',126),('0201768553','Nationals Sprint - Buford GA','2023-06-01','T1',152),('0201768553','Nationals Sprint - Buford GA','2023-06-01','T2',62),('0201768553','Patriots Olympic','2021-09-11','T1',164),('0201768553','Patriots Olympic','2021-09-11','T2',64),('0201768553','Patriots Olympic','2022-09-10','T1',129),('0201768553','Patriots Olympic','2022-09-10','T2',41),('0201768553','Richmond Sprint','2019-03-01','T1',60),('0201768553','Richmond Sprint','2019-03-01','T2',66),('0201768553','Tri-at-the-Trump Sprint','2019-10-01','T1',0),('0201768553','Tri-at-the-Trump Sprint','2019-10-01','T2',77),('0249763617','Giant Acord Olympic','2018-03-01','T1',110),('0249763617','Giant Acord Olympic','2018-03-01','T2',71),('0249763617','Kinetic Cup Olympic','2019-10-19','T1',137),('0249763617','Kinetic Cup Olympic','2019-10-19','T2',98),('0249763617','Liberty Olympic','2019-03-01','T1',100),('0249763617','Liberty Olympic','2019-03-01','T2',92),('0249763617','Nationals - Tempe Olympic','2019-03-01','T1',178),('0249763617','Nationals - Tempe Olympic','2019-03-01','T2',129),('0249763617','Patriots Sprint','2019-09-07','T1',144),('0249763617','Patriots Sprint','2019-09-07','T2',72),('0249763617','Tri-at-the-Trump Sprint','2019-10-01','T1',75),('0249763617','Tri-at-the-Trump Sprint','2019-10-01','T2',51),('0294994685','CLASH Daytona Sprint','2023-12-01','T1',156),('0294994685','CLASH Daytona Sprint','2023-12-01','T2',103),('0294994685','Giant Acorn Olympic','2023-09-23','T1',78),('0294994685','Giant Acorn Olympic','2023-09-23','T2',0),('0388662324','Conferences - Draft Legal','2022-10-15','T1',86),('0388662324','Conferences - Draft Legal','2022-10-15','T2',46),('0388662324','Kinetic Cup Olympic','2021-10-16','T1',129),('0388662324','Kinetic Cup Olympic','2021-10-16','T2',43),('0388662324','Nationals - Buford','2021-11-01','T1',189),('0388662324','Nationals - Buford','2021-11-01','T2',55),('0388662324','Nationals - Buford GA','2023-06-01','T1',196),('0388662324','Nationals - Buford GA','2023-06-01','T2',43),('0388662324','Patriots Olympic','2022-09-10','T1',153),('0388662324','Patriots Olympic','2022-09-10','T2',31),('0388662324','Patriots Sprint','2023-06-18','T1',182),('0388662324','Patriots Sprint','2023-06-18','T2',43),('0599744246','Belews Lake Sprint','2020-04-01','T1',55),('0599744246','Belews Lake Sprint','2020-04-01','T2',54),('0599744246','Giant Acorn Olympic','2019-09-21','T1',107),('0599744246','Giant Acorn Olympic','2019-09-21','T2',0),('0599744246','Giant Acorn Olympic','2021-09-25','T1',95),('0599744246','Giant Acorn Olympic','2021-09-25','T2',95),('0599744246','Kinetic Cup Olympic','2019-10-19','T1',132),('0599744246','Kinetic Cup Olympic','2019-10-19','T2',52),('0599744246','Kinetic Cup Olympic','2021-10-16','T1',121),('0599744246','Kinetic Cup Olympic','2021-10-16','T2',68),('0599744246','Liberty Olympic','2019-03-01','T1',138),('0599744246','Liberty Olympic','2019-03-01','T2',47),('0599744246','Nationals - Buford','2021-11-01','T1',234),('0599744246','Nationals - Buford','2021-11-01','T2',101),('0599744246','Nationals - Tempe Olympic','2019-03-01','T1',150),('0599744246','Nationals - Tempe Olympic','2019-03-01','T2',124),('0599744246','Patriots Half','2021-09-11','T1',194),('0599744246','Patriots Half','2021-09-11','T2',103),('0599744246','Patriots Sprint','2018-03-01','T1',143),('0599744246','Patriots Sprint','2018-03-01','T2',44),('0599744246','Richmond Sprint','2019-03-01','T1',71),('0599744246','Richmond Sprint','2019-03-01','T2',72),('0599744246','Tri-at-the-Trump Sprint','2019-10-01','T1',41),('0599744246','Tri-at-the-Trump Sprint','2019-10-01','T2',50),('0667937186','Giant Acorn Olympic','2022-09-24','T1',227),('0667937186','Giant Acorn Olympic','2022-09-24','T2',133),('0667937186','Nationals - Buford GA','2023-06-01','T1',328),('0667937186','Nationals - Buford GA','2023-06-01','T2',139),('0972572374','Azalea Sprint','2019-03-01','T1',109),('0972572374','Azalea Sprint','2019-03-01','T2',65),('0972572374','Kinetic Cup Olympic','2019-10-19','T1',162),('0972572374','Kinetic Cup Olympic','2019-10-19','T2',77),('0972572374','Kinetic Cup Olympic','2021-10-16','T1',204),('0972572374','Kinetic Cup Olympic','2021-10-16','T2',67),('0972572374','Liberty Olympic','2019-03-01','T1',138),('0972572374','Liberty Olympic','2019-03-01','T2',82),('0972572374','Nationals - Buford','2021-11-01','T1',256),('0972572374','Nationals - Buford','2021-11-01','T2',78),('0972572374','Nationals - Tempe Olympic','2019-03-01','T1',166),('0972572374','Nationals - Tempe Olympic','2019-03-01','T2',155),('0972572374','Patriots Sprint','2018-03-01','T1',161),('0972572374','Patriots Sprint','2018-03-01','T2',74),('0972572374','Patriots Sprint','2019-09-07','T1',173),('0972572374','Patriots Sprint','2019-09-07','T2',54),('0972572374','Tri-at-the-Trump Sprint','2019-10-01','T1',73),('0972572374','Tri-at-the-Trump Sprint','2019-10-01','T2',47),('1448635233','Liberty Olympic','2019-03-01','T1',135),('1448635233','Liberty Olympic','2019-03-01','T2',70),('1545455861','Tri-at-the-Trump Sprint','2019-10-01','T1',141),('1545455861','Tri-at-the-Trump Sprint','2019-10-01','T2',53),('1611430793','Patriots Sprint','2018-03-01','T1',129),('1611430793','Patriots Sprint','2018-03-01','T2',61),('1611430793','Richmond Sprint','2019-03-01','T1',69),('1611430793','Richmond Sprint','2019-03-01','T2',84),('2006769864','Kinetic Cup Olympic','2019-10-19','T1',331),('2006769864','Kinetic Cup Olympic','2019-10-19','T2',88),('2006769864','Liberty Olympic','2019-03-01','T1',167),('2006769864','Liberty Olympic','2019-03-01','T2',82),('2006769864','Nationals - Tempe Olympic','2019-03-01','T1',274),('2006769864','Nationals - Tempe Olympic','2019-03-01','T2',154),('2066802910','Kinetic Cup Olympic','2019-10-19','T1',144),('2066802910','Kinetic Cup Olympic','2019-10-19','T2',68),('2066802910','Tri-at-the-Trump Sprint','2019-10-01','T1',79),('2066802910','Tri-at-the-Trump Sprint','2019-10-01','T2',55),('2114625963','Giant Acorn Olympic','2021-09-25','T1',130),('2114625963','Giant Acorn Olympic','2021-09-25','T2',91),('2114625963','Kinetic Cup Olympic','2021-10-16','T1',120),('2114625963','Kinetic Cup Olympic','2021-10-16','T2',56),('2114625963','Nationals - Buford','2021-11-01','T1',242),('2114625963','Nationals - Buford','2021-11-01','T2',92),('2116602935','Azalea Sprint','2019-03-01','T1',70),('2116602935','Azalea Sprint','2019-03-01','T2',102),('2116602935','Giant Acord Olympic','2018-03-01','T1',78),('2116602935','Giant Acord Olympic','2018-03-01','T2',57),('2116602935','Giant Acorn Olympic','2019-09-21','T1',0),('2116602935','Giant Acorn Olympic','2019-09-21','T2',0),('2116602935','Kinetic Cup Olympic','2019-10-19','T1',108),('2116602935','Kinetic Cup Olympic','2019-10-19','T2',99),('2116602935','Kinetic Cup Olympic','2021-10-16','T1',246),('2116602935','Kinetic Cup Olympic','2021-10-16','T2',0),('2116602935','Liberty Olympic','2019-03-01','T1',88),('2116602935','Liberty Olympic','2019-03-01','T2',56),('2116602935','Nationals - Tempe Olympic','2019-03-01','T1',122),('2116602935','Nationals - Tempe Olympic','2019-03-01','T2',97),('2116602935','Patriots Sprint','2018-03-01','T1',113),('2116602935','Patriots Sprint','2018-03-01','T2',54),('2116602935','Patriots Sprint','2019-09-07','T1',109),('2116602935','Patriots Sprint','2019-09-07','T2',55),('2116602935','Tri-at-the-Trump Sprint','2019-10-01','T1',36),('2116602935','Tri-at-the-Trump Sprint','2019-10-01','T2',73),('2469716968','Patriots Half','2023-06-17','T1',288),('2469716968','Patriots Half','2023-06-17','T2',72),('2469716968','Patriots Olympic','2022-09-10','T1',224),('2469716968','Patriots Olympic','2022-09-10','T2',66),('2552176071','CLASH Daytona Sprint','2023-12-01','T1',312),('2552176071','CLASH Daytona Sprint','2023-12-01','T2',202),('2570921522','Patriots Sprint','2018-03-01','T1',232),('2570921522','Patriots Sprint','2018-03-01','T2',98),('2580865796','Giant Acord Olympic','2018-03-01','T1',71),('2580865796','Giant Acord Olympic','2018-03-01','T2',42),('2580865796','Giant Acorn Olympic','2019-09-21','T1',103),('2580865796','Giant Acorn Olympic','2019-09-21','T2',0),('2580865796','Kinetic Cup Olympic','2019-10-19','T1',92),('2580865796','Kinetic Cup Olympic','2019-10-19','T2',48),('2580865796','Liberty Olympic','2019-03-01','T1',73),('2580865796','Liberty Olympic','2019-03-01','T2',46),('2580865796','Nationals - Tempe Olympic','2019-03-01','T1',121),('2580865796','Nationals - Tempe Olympic','2019-03-01','T2',113),('2580865796','Patriots Half','2018-03-01','T1',128),('2580865796','Patriots Half','2018-03-01','T2',98),('2580865796','Patriots Sprint','2018-03-01','T1',116),('2580865796','Patriots Sprint','2018-03-01','T2',2300),('2580865796','Tempe DL Sprint','2019-03-01','T1',83),('2580865796','Tempe DL Sprint','2019-03-01','T2',58),('2696104754','Belews Lake Olympic','2021-04-01','T1',80),('2696104754','Belews Lake Olympic','2021-04-01','T2',58),('2696104754','Belews Lake Sprint','2020-04-01','T1',0),('2696104754','Belews Lake Sprint','2020-04-01','T2',38),('2696104754','CLASH Daytona Half','2023-12-02','T1',103),('2696104754','CLASH Daytona Half','2023-12-02','T2',92),('2696104754','Giant Acorn Olympic','2022-09-24','T1',0),('2696104754','Giant Acorn Olympic','2022-09-24','T2',83),('2696104754','Kinetic Cup Olympic','2021-10-16','T1',124),('2696104754','Kinetic Cup Olympic','2021-10-16','T2',44),('2696104754','Kinetic Cup Olympic','2022-10-15','T1',134),('2696104754','Kinetic Cup Olympic','2022-10-15','T2',61),('2696104754','Nationals - Buford','2021-11-01','T1',263),('2696104754','Nationals - Buford','2021-11-01','T2',68),('2696104754','Nationals - Buford GA','2023-06-01','T1',172),('2696104754','Nationals - Buford GA','2023-06-01','T2',51),('2696104754','Pleasants Landing','2023-10-07','T1',98),('2696104754','Pleasants Landing','2023-10-07','T2',86),('2711430262','Azalea Sprint','2019-03-01','T1',69),('2711430262','Azalea Sprint','2019-03-01','T2',48),('2711430262','Giant Acorn Olympic','2019-09-21','T1',0),('2711430262','Giant Acorn Olympic','2019-09-21','T2',0),('2711430262','Kinetic Cup Olympic','2019-10-19','T1',91),('2711430262','Kinetic Cup Olympic','2019-10-19','T2',528),('2711430262','Liberty Olympic','2019-03-01','T1',84),('2711430262','Liberty Olympic','2019-03-01','T2',86),('2711430262','Nationals - Tempe Olympic','2019-03-01','T1',122),('2711430262','Nationals - Tempe Olympic','2019-03-01','T2',107),('2711430262','Patriots Sprint','2019-09-07','T1',109),('2711430262','Patriots Sprint','2019-09-07','T2',0),('2711430262','Tri-at-the-Trump Sprint','2019-10-01','T1',41),('2711430262','Tri-at-the-Trump Sprint','2019-10-01','T2',300),('2775864644','Belews Lake Olympic','2020-04-01','T1',0),('2775864644','Belews Lake Olympic','2020-04-01','T2',68),('2775864644','Kinetic Cup Olympic','2019-10-19','T1',138),('2775864644','Kinetic Cup Olympic','2019-10-19','T2',80),('2775864644','Liberty Olympic','2019-03-01','T1',123),('2775864644','Liberty Olympic','2019-03-01','T2',51),('2775864644','Nationals - Tempe Olympic','2019-03-01','T1',165),('2775864644','Nationals - Tempe Olympic','2019-03-01','T2',136),('2775864644','Patriots Sprint','2018-03-01','T1',170),('2775864644','Patriots Sprint','2018-03-01','T2',63),('2775864644','Richmond Sprint','2019-03-01','T1',47),('2775864644','Richmond Sprint','2019-03-01','T2',59),('3167832723','Smithfield Sprint','2023-05-03','T1',123),('3167832723','Smithfield Sprint','2023-05-03','T2',95),('3261298872','Giant Acorn Olympic','2023-09-23','T1',0),('3261298872','Giant Acorn Olympic','2023-09-23','T2',64),('3261298872','Patriots Sprint','2023-06-18','T1',172),('3261298872','Patriots Sprint','2023-06-18','T2',122),('3335343328','Belews Lake Olympic','2020-04-01','T1',94),('3335343328','Belews Lake Olympic','2020-04-01','T2',48),('3335343328','Kinetic Cup Olympic','2019-10-19','T1',149),('3335343328','Kinetic Cup Olympic','2019-10-19','T2',143),('3335343328','Tri-at-the-Trump Sprint','2019-10-01','T1',77),('3335343328','Tri-at-the-Trump Sprint','2019-10-01','T2',75),('3353743306','Giant Acorn Olympic','2021-09-25','T1',165),('3353743306','Giant Acorn Olympic','2021-09-25','T2',58),('3353743306','Nationals - Buford','2021-11-01','T1',364),('3353743306','Nationals - Buford','2021-11-01','T2',81),('3353743306','Smithfield Sprint','2023-05-03','T1',127),('3353743306','Smithfield Sprint','2023-05-03','T2',118),('3608739027','Giant Acorn Olympic','2022-09-24','T1',106),('3608739027','Giant Acorn Olympic','2022-09-24','T2',91),('3608739027','Kinetic Cup Olympic','2022-10-15','T1',141),('3608739027','Kinetic Cup Olympic','2022-10-15','T2',70),('3761084756','Patriots Sprint','2023-06-18','T1',253),('3761084756','Patriots Sprint','2023-06-18','T2',52),('3937274148','Patriots Sprint','2023-06-18','T1',224),('3937274148','Patriots Sprint','2023-06-18','T2',102),('4401287254','Nationals - Buford','2021-11-01','T1',406),('4401287254','Nationals - Buford','2021-11-01','T2',157),('4401287254','Patriots Olympic','2021-09-11','T1',276),('4401287254','Patriots Olympic','2021-09-11','T2',169),('464538977','Blue Ridge Draft Legal','2023-10-14','T1',121),('464538977','Blue Ridge Draft Legal','2023-10-14','T2',90),('464538977','CLASH Daytona Half','2023-12-02','T1',285),('464538977','CLASH Daytona Half','2023-12-02','T2',179),('4764654361','Giant Acorn Olympic','2021-09-25','T1',120),('4764654361','Giant Acorn Olympic','2021-09-25','T2',110),('4764654361','Giant Acorn Olympic','2022-09-24','T1',108),('4764654361','Giant Acorn Olympic','2022-09-24','T2',54),('4764654361','Giant Acorn Olympic','2023-09-23','T1',99),('4764654361','Giant Acorn Olympic','2023-09-23','T2',61),('4764654361','Kinetic Cup Olympic','2021-10-16','T1',99),('4764654361','Kinetic Cup Olympic','2021-10-16','T2',31),('4764654361','Kinetic Cup Olympic','2022-10-15','T1',115),('4764654361','Kinetic Cup Olympic','2022-10-15','T2',40),('4764654361','Nationals - Buford','2021-11-01','T1',150),('4764654361','Nationals - Buford','2021-11-01','T2',37),('4764654361','Pleasants Landing','2023-10-07','T1',89),('4764654361','Pleasants Landing','2023-10-07','T2',86),('4922385494','Azalea Sprint','2019-03-01','T1',158),('4922385494','Azalea Sprint','2019-03-01','T2',0),('4922385494','Kinetic Cup Olympic','2019-10-19','T1',225),('4922385494','Kinetic Cup Olympic','2019-10-19','T2',113),('4922385494','Tri-at-the-Trump Sprint','2019-10-01','T1',101),('4922385494','Tri-at-the-Trump Sprint','2019-10-01','T2',92),('4968292801','Pleasants Landing','2023-10-07','T1',153),('4968292801','Pleasants Landing','2023-10-07','T2',174),('5113544648','CLASH Daytona Sprint','2023-12-01','T1',228),('5113544648','CLASH Daytona Sprint','2023-12-01','T2',172),('5119278768','Belews Lake Sprint','2021-04-01','T1',0),('5119278768','Belews Lake Sprint','2021-04-01','T2',0),('5119278768','Giant Acorn Olympic','2021-09-25','T1',173),('5119278768','Giant Acorn Olympic','2021-09-25','T2',56),('5119278768','Kinetic Cup Olympic','2021-10-16','T1',186),('5119278768','Kinetic Cup Olympic','2021-10-16','T2',44),('5313622719','Patriots Sprint','2019-09-07','T1',181),('5313622719','Patriots Sprint','2019-09-07','T2',91),('5485772096','Giant Acorn Olympic','2022-09-24','T1',0),('5485772096','Giant Acorn Olympic','2022-09-24','T2',142),('5485772096','Nationals - Buford GA','2023-06-01','T1',246),('5485772096','Nationals - Buford GA','2023-06-01','T2',92),('5485772096','Patriots Sprint','2023-06-18','T1',185),('5485772096','Patriots Sprint','2023-06-18','T2',80),('5485772096','Pleasants Landing','2023-10-07','T1',128),('5485772096','Pleasants Landing','2023-10-07','T2',107),('5599555021','Giant Acorn Olympic','2019-09-21','T1',0),('5599555021','Giant Acorn Olympic','2019-09-21','T2',0),('5599555021','Patriots Sprint','2019-09-07','T1',154),('5599555021','Patriots Sprint','2019-09-07','T2',58),('5698812619','Belews Lake Sprint','2021-04-01','T1',0),('5698812619','Belews Lake Sprint','2021-04-01','T2',0),('5698812619','Giant Acorn Olympic','2021-09-25','T1',151),('5698812619','Giant Acorn Olympic','2021-09-25','T2',47),('5698812619','Kinetic Cup Olympic','2021-10-16','T1',192),('5698812619','Kinetic Cup Olympic','2021-10-16','T2',48),('5698812619','Nationals - Buford','2021-11-01','T1',284),('5698812619','Nationals - Buford','2021-11-01','T2',94),('5702903750','Tri-at-the-Trump Sprint','2019-10-01','T1',116),('5702903750','Tri-at-the-Trump Sprint','2019-10-01','T2',70),('5713059843','Belews Lake Sprint','2021-04-01','T1',65),('5713059843','Belews Lake Sprint','2021-04-01','T2',32),('5713059843','CLASH Daytona Sprint','2023-12-01','T1',86),('5713059843','CLASH Daytona Sprint','2023-12-01','T2',83),('5713059843','Giant Acorn Olympic','2021-09-25','T1',0),('5713059843','Giant Acorn Olympic','2021-09-25','T2',0),('5713059843','Giant Acorn Olympic','2022-09-24','T1',0),('5713059843','Giant Acorn Olympic','2022-09-24','T2',61),('5713059843','Kinetic Cup Olympic','2021-10-16','T1',116),('5713059843','Kinetic Cup Olympic','2021-10-16','T2',46),('5713059843','Kinetic Cup Olympic','2022-10-15','T1',141),('5713059843','Kinetic Cup Olympic','2022-10-15','T2',49),('5713059843','Nationals - Buford','2021-11-01','T1',161),('5713059843','Nationals - Buford','2021-11-01','T2',67),('5713059843','Nationals - Buford GA','2023-06-01','T1',155),('5713059843','Nationals - Buford GA','2023-06-01','T2',41),('5713059843','Patriots Half','2023-06-17','T1',0),('5713059843','Patriots Half','2023-06-17','T2',57),('5713059843','Patriots Sprint','2023-06-18','T1',125),('5713059843','Patriots Sprint','2023-06-18','T2',47),('5713059843','Smithfield Sprint','2023-05-03','T1',84),('5713059843','Smithfield Sprint','2023-05-03','T2',39),('5774333930','CLASH Daytona Sprint','2023-12-01','T1',183),('5774333930','CLASH Daytona Sprint','2023-12-01','T2',135),('5774333930','Giant Acorn Olympic','2023-09-23','T1',123),('5774333930','Giant Acorn Olympic','2023-09-23','T2',157),('5774333930','Pleasants Landing','2023-10-07','T1',199),('5774333930','Pleasants Landing','2023-10-07','T2',231),('5788073021','CLASH Daytona Half','2023-12-02','T1',175),('5788073021','CLASH Daytona Half','2023-12-02','T2',143),('5788073021','Giant Acorn Olympic','2023-09-23','T1',167),('5788073021','Giant Acorn Olympic','2023-09-23','T2',213),('5788073021','Pleasants Landing','2023-10-07','T1',154),('5788073021','Pleasants Landing','2023-10-07','T2',125),('5836497424','Belews Lake Sprint','2020-04-01','T1',315),('5836497424','Belews Lake Sprint','2020-04-01','T2',130),('5836497424','Kinetic Cup Olympic','2019-10-19','T1',227),('5836497424','Kinetic Cup Olympic','2019-10-19','T2',115),('6420791129','Nationals - Buford GA','2023-06-01','T1',268),('6420791129','Nationals - Buford GA','2023-06-01','T2',115),('6420791129','Pleasants Landing','2023-10-07','T1',118),('6420791129','Pleasants Landing','2023-10-07','T2',93),('6420791129','Smithfield Sprint','2023-05-03','T1',97),('6420791129','Smithfield Sprint','2023-05-03','T2',79),('6508991546','Liberty Olympic','2019-03-01','T1',99),('6508991546','Liberty Olympic','2019-03-01','T2',62),('6508991546','Patriots Sprint','2018-03-01','T1',169),('6508991546','Patriots Sprint','2018-03-01','T2',52),('6874599561','Liberty Olympic','2019-03-01','T1',147),('6874599561','Liberty Olympic','2019-03-01','T2',123),('6874599561','Patriots Sprint','2018-03-01','T1',192),('6874599561','Patriots Sprint','2018-03-01','T2',59),('6883275876','Giant Acorn Olympic','2019-09-21','T1',0),('6883275876','Giant Acorn Olympic','2019-09-21','T2',0),('6883275876','Liberty Olympic','2019-03-01','T1',0),('6883275876','Liberty Olympic','2019-03-01','T2',71),('6883275876','Nationals - Tempe Olympic','2019-03-01','T1',150),('6883275876','Nationals - Tempe Olympic','2019-03-01','T2',139),('6927596133','Azalea Sprint','2019-03-01','T1',127),('6927596133','Azalea Sprint','2019-03-01','T2',0),('6927596133','Giant Acord Olympic','2018-03-01','T1',145),('6927596133','Giant Acord Olympic','2018-03-01','T2',87),('6927596133','Giant Acorn Olympic','2019-09-21','T1',158),('6927596133','Giant Acorn Olympic','2019-09-21','T2',71),('6927596133','Liberty Olympic','2019-03-01','T1',163),('6927596133','Liberty Olympic','2019-03-01','T2',81),('6927596133','Nationals - Tempe Olympic','2019-03-01','T1',213),('6927596133','Nationals - Tempe Olympic','2019-03-01','T2',133),('6927596133','Patriots Sprint','2018-03-01','T1',214),('6927596133','Patriots Sprint','2018-03-01','T2',80),('6993059391','CLASH Daytona Sprint','2023-12-01','T1',139),('6993059391','CLASH Daytona Sprint','2023-12-01','T2',87),('7025345402','CLASH Daytona Half','2023-12-02','T1',338),('7025345402','CLASH Daytona Half','2023-12-02','T2',197),('7025345402','Giant Acorn Olympic','2023-09-23','T1',325),('7025345402','Giant Acorn Olympic','2023-09-23','T2',176),('7025345402','Kinetic Cup Olympic','2022-10-15','T1',389),('7025345402','Kinetic Cup Olympic','2022-10-15','T2',202),('7025345402','Nationals - Buford GA','2023-06-01','T1',417),('7025345402','Nationals - Buford GA','2023-06-01','T2',130),('7025345402','Pleasants Landing','2023-10-07','T1',213),('7025345402','Pleasants Landing','2023-10-07','T2',161),('7119825992','Liberty Olympic','2019-03-01','T1',196),('7119825992','Liberty Olympic','2019-03-01','T2',68),('7119825992','Patriots Sprint','2018-03-01','T1',181),('7119825992','Patriots Sprint','2018-03-01','T2',41),('7239494167','Belews Lake Sprint','2021-04-01','T1',96),('7239494167','Belews Lake Sprint','2021-04-01','T2',48),('7239494167','Blue Ridge Draft Legal','2023-10-14','T1',78),('7239494167','Blue Ridge Draft Legal','2023-10-14','T2',47),('7239494167','CLASH Daytona Sprint','2023-12-01','T1',105),('7239494167','CLASH Daytona Sprint','2023-12-01','T2',82),('7239494167','Giant Acorn Olympic','2021-09-25','T1',130),('7239494167','Giant Acorn Olympic','2021-09-25','T2',58),('7239494167','Giant Acorn Olympic','2022-09-24','T1',0),('7239494167','Giant Acorn Olympic','2022-09-24','T2',80),('7239494167','Giant Acorn Olympic','2023-09-23','T1',102),('7239494167','Giant Acorn Olympic','2023-09-23','T2',56),('7239494167','Kinetic Cup Olympic','2021-10-16','T1',165),('7239494167','Kinetic Cup Olympic','2021-10-16','T2',54),('7239494167','Kinetic Cup Olympic','2022-10-15','T1',149),('7239494167','Kinetic Cup Olympic','2022-10-15','T2',64),('7239494167','Nationals - Buford','2021-11-01','T1',262),('7239494167','Nationals - Buford','2021-11-01','T2',83),('7239494167','Nationals - Buford GA','2023-06-01','T1',211),('7239494167','Nationals - Buford GA','2023-06-01','T2',42),('7239494167','Patriots Half','2023-06-17','T1',0),('7239494167','Patriots Half','2023-06-17','T2',78),('7239494167','Patriots Olympic','2023-06-18','T1',144),('7239494167','Patriots Olympic','2023-06-18','T2',51),('7239494167','Pleasants Landing','2023-10-07','T1',94),('7239494167','Pleasants Landing','2023-10-07','T2',84),('7661183485','Azalea Sprint','2019-03-01','T1',89),('7661183485','Azalea Sprint','2019-03-01','T2',113),('7661183485','Luray Olympic','2018-03-01','T1',101),('7661183485','Luray Olympic','2018-03-01','T2',67),('7661183485','Patriots Half','2018-03-01','T1',299),('7661183485','Patriots Half','2018-03-01','T2',216),('7720063701','Belews Lake Olympic','2020-04-01','T1',93),('7720063701','Belews Lake Olympic','2020-04-01','T2',98),('7726157074','Giant Acorn Olympic','2019-09-21','T1',0),('7726157074','Giant Acorn Olympic','2019-09-21','T2',0),('7726157074','Liberty Olympic','2019-03-01','T1',101),('7726157074','Liberty Olympic','2019-03-01','T2',54),('7726157074','Nationals - Tempe Olympic','2019-03-01','T1',135),('7726157074','Nationals - Tempe Olympic','2019-03-01','T2',114),('7726157074','Patriots Half','2018-03-01','T1',158),('7726157074','Patriots Half','2018-03-01','T2',124),('7726157074','Patriots Sprint','2019-09-07','T1',140),('7726157074','Patriots Sprint','2019-09-07','T2',71),('7731450680','Liberty Olympic','2019-03-01','T1',97),('7731450680','Liberty Olympic','2019-03-01','T2',67),('7731450680','Patriots Sprint','2018-03-01','T1',140),('7731450680','Patriots Sprint','2018-03-01','T2',65),('7731450680','Richmond Sprint','2019-03-01','T1',79),('7731450680','Richmond Sprint','2019-03-01','T2',73),('7820315500','Giant Acorn Olympic','2019-09-21','T1',149),('7820315500','Giant Acorn Olympic','2019-09-21','T2',85),('7820315500','Kinetic Cup Olympic','2019-10-19','T1',235),('7820315500','Kinetic Cup Olympic','2019-10-19','T2',97),('7820315500','Patriots Sprint','2019-09-07','T1',178),('7820315500','Patriots Sprint','2019-09-07','T2',71),('7820315500','Tri-at-the-Trump Sprint','2019-10-01','T1',102),('7820315500','Tri-at-the-Trump Sprint','2019-10-01','T2',67),('8005234325','Patriots Sprint','2018-03-01','T1',152),('8005234325','Patriots Sprint','2018-03-01','T2',46),('8104140960','CLASH Daytona Sprint','2023-12-01','T1',233),('8104140960','CLASH Daytona Sprint','2023-12-01','T2',102),('8104140960','Giant Acorn Olympic','2023-09-23','T1',0),('8104140960','Giant Acorn Olympic','2023-09-23','T2',0),('8123611192','Luray Olympic','2018-03-01','T1',0),('8123611192','Luray Olympic','2018-03-01','T2',0),('8132729710','Liberty Olympic','2019-03-01','T1',81),('8132729710','Liberty Olympic','2019-03-01','T2',43),('8132729710','Nationals - Tempe Olympic','2019-03-01','T1',128),('8132729710','Nationals - Tempe Olympic','2019-03-01','T2',108),('8132729710','Patriots Half','2018-03-01','T1',162),('8132729710','Patriots Half','2018-03-01','T2',96),('8214033320','Belews Lake Sprint','2020-04-01','T1',68),('8214033320','Belews Lake Sprint','2020-04-01','T2',70),('8214033320','Giant Acorn Olympic','2021-09-25','T1',121),('8214033320','Giant Acorn Olympic','2021-09-25','T2',122),('8214033320','Kinetic Cup Olympic','2021-10-16','T1',118),('8214033320','Kinetic Cup Olympic','2021-10-16','T2',71),('8214033320','Nationals - Buford','2021-11-01','T1',333),('8214033320','Nationals - Buford','2021-11-01','T2',68),('8214033320','Patriots Half','2023-06-17','T1',195),('8214033320','Patriots Half','2023-06-17','T2',175),('8214033320','Patriots Olympic','2021-09-11','T1',172),('8214033320','Patriots Olympic','2021-09-11','T2',53),('8214033320','Patriots Sprint','2023-06-18','T1',151),('8214033320','Patriots Sprint','2023-06-18','T2',51),('8292746489','Giant Acord Olympic','2018-03-01','T1',133),('8292746489','Giant Acord Olympic','2018-03-01','T2',81),('8292746489','Giant Acorn Olympic','2019-09-21','T1',0),('8292746489','Giant Acorn Olympic','2019-09-21','T2',0),('8292746489','Kinetic Cup Olympic','2019-10-19','T1',131),('8292746489','Kinetic Cup Olympic','2019-10-19','T2',65),('8292746489','Liberty Olympic','2019-03-01','T1',176),('8292746489','Liberty Olympic','2019-03-01','T2',73),('8292746489','Nationals - Tempe Olympic','2019-03-01','T1',174),('8292746489','Nationals - Tempe Olympic','2019-03-01','T2',142),('8292746489','Patriots Sprint','2018-03-01','T1',179),('8292746489','Patriots Sprint','2018-03-01','T2',47),('8292746489','Tri-at-the-Trump Sprint','2019-10-01','T1',72),('8292746489','Tri-at-the-Trump Sprint','2019-10-01','T2',49),('8337824653','Giant Acorn Olympic','2023-09-23','T1',115),('8337824653','Giant Acorn Olympic','2023-09-23','T2',103),('8337824653','Pleasants Landing','2023-10-07','T1',104),('8337824653','Pleasants Landing','2023-10-07','T2',89),('8620488679','Liberty Olympic','2019-03-01','T1',105),('8620488679','Liberty Olympic','2019-03-01','T2',66),('8980209414','Belews Lake Sprint','2021-04-01','T1',72),('8980209414','Belews Lake Sprint','2021-04-01','T2',47),('8980209414','CLASH Daytona Half','2023-12-02','T1',160),('8980209414','CLASH Daytona Half','2023-12-02','T2',172),('8980209414','Giant Acorn Olympic','2021-09-25','T1',105),('8980209414','Giant Acorn Olympic','2021-09-25','T2',106),('8980209414','Giant Acorn Olympic','2022-09-24','T1',0),('8980209414','Giant Acorn Olympic','2022-09-24','T2',82),('8980209414','Kinetic Cup Olympic','2021-10-16','T1',124),('8980209414','Kinetic Cup Olympic','2021-10-16','T2',58),('8980209414','Nationals - Buford','2021-11-01','T1',276),('8980209414','Nationals - Buford','2021-11-01','T2',94),('8980209414','Nationals - Buford GA','2023-06-01','T1',175),('8980209414','Nationals - Buford GA','2023-06-01','T2',69),('8980209414','Patriots Olympic','2021-09-11','T1',194),('8980209414','Patriots Olympic','2021-09-11','T2',65),('8980209414','Patriots Olympic','2022-09-10','T1',151),('8980209414','Patriots Olympic','2022-09-10','T2',73),('8980209414','Patriots Olympic','2023-06-18','T1',152),('8980209414','Patriots Olympic','2023-06-18','T2',76),('8980209414','Patriots Sprint','2023-06-18','T1',168),('8980209414','Patriots Sprint','2023-06-18','T2',59),('8980209414','Pleasants Landing','2023-10-07','T1',120),('8980209414','Pleasants Landing','2023-10-07','T2',133),('8990326044','Liberty Olympic','2019-03-01','T1',180),('8990326044','Liberty Olympic','2019-03-01','T2',91),('8990326044','Patriots Half','2018-03-01','T1',531),('8990326044','Patriots Half','2018-03-01','T2',303),('9095138819','CLASH Daytona Sprint','2023-12-01','T1',169),('9095138819','CLASH Daytona Sprint','2023-12-01','T2',101),('9095138819','Giant Acorn Olympic','2023-09-23','T1',271),('9095138819','Giant Acorn Olympic','2023-09-23','T2',75),('9095138819','Pleasants Landing','2023-10-07','T1',204),('9095138819','Pleasants Landing','2023-10-07','T2',147),('9146096775','Giant Acorn Olympic','2023-09-23','T1',127),('9146096775','Giant Acorn Olympic','2023-09-23','T2',101),('9146096775','Patriots Olympic','2023-06-18','T1',177),('9146096775','Patriots Olympic','2023-06-18','T2',88),('9170718028','Blue Ridge Draft Legal','2023-10-14','T1',72),('9170718028','Blue Ridge Draft Legal','2023-10-14','T2',40),('9170718028','Giant Acorn Olympic','2023-09-23','T1',80),('9170718028','Giant Acorn Olympic','2023-09-23','T2',55),('9170718028','Kinetic Cup Olympic','2022-10-15','T1',200),('9170718028','Kinetic Cup Olympic','2022-10-15','T2',61),('9170718028','Patriots Olympic','2022-09-10','T1',154),('9170718028','Patriots Olympic','2022-09-10','T2',34),('9170718028','Patriots Sprint','2023-06-18','T1',121),('9170718028','Patriots Sprint','2023-06-18','T2',49),('9170718028','Pleasants Landing','2023-10-07','T1',84),('9170718028','Pleasants Landing','2023-10-07','T2',81),('9201241845','Azalea Sprint','2019-03-01','T1',133),('9201241845','Azalea Sprint','2019-03-01','T2',84),('9201241845','Belews Lake Sprint','2020-04-01','T1',87),('9201241845','Belews Lake Sprint','2020-04-01','T2',91),('9201241845','Belews Lake Sprint','2021-04-01','T1',0),('9201241845','Belews Lake Sprint','2021-04-01','T2',0),('9201241845','Giant Acorn Olympic','2019-09-21','T1',126),('9201241845','Giant Acorn Olympic','2019-09-21','T2',115),('9201241845','Kinetic Cup Olympic','2019-10-19','T1',157),('9201241845','Kinetic Cup Olympic','2019-10-19','T2',194),('9201241845','Kinetic Cup Olympic','2021-10-16','T1',170),('9201241845','Kinetic Cup Olympic','2021-10-16','T2',95),('9201241845','Nationals - Buford','2021-11-01','T1',486),('9201241845','Nationals - Buford','2021-11-01','T2',141),('9201241845','Patriots Olympic','2021-09-11','T1',239),('9201241845','Patriots Olympic','2021-09-11','T2',144),('9201241845','Patriots Sprint','2018-03-01','T1',195),('9201241845','Patriots Sprint','2018-03-01','T2',82),('9364974840','Giant Acorn Olympic','2022-09-24','T1',219),('9364974840','Giant Acorn Olympic','2022-09-24','T2',142),('9523120725','CLASH Daytona Half','2023-12-02','T1',203),('9523120725','CLASH Daytona Half','2023-12-02','T2',237),('9523120725','Giant Acorn Olympic','2019-09-21','T1',181),('9523120725','Giant Acorn Olympic','2019-09-21','T2',85),('9523120725','Kinetic Cup Olympic','2019-10-19','T1',155),('9523120725','Kinetic Cup Olympic','2019-10-19','T2',120),('9523120725','Kinetic Cup Olympic','2021-10-16','T1',224),('9523120725','Kinetic Cup Olympic','2021-10-16','T2',149),('9523120725','Kinetic Cup Olympic','2022-10-15','T1',273),('9523120725','Kinetic Cup Olympic','2022-10-15','T2',149),('9523120725','Nationals - Buford GA','2023-06-01','T1',260),('9523120725','Nationals - Buford GA','2023-06-01','T2',60),('9523120725','Patriots Half','2023-06-17','T1',232),('9523120725','Patriots Half','2023-06-17','T2',132),('9523120725','Patriots Olympic','2021-09-11','T1',277),('9523120725','Patriots Olympic','2021-09-11','T2',165),('9523120725','Patriots Olympic','2022-09-10','T1',256),('9523120725','Patriots Olympic','2022-09-10','T2',167),('9523120725','Smithfield Sprint','2023-05-03','T1',117),('9523120725','Smithfield Sprint','2023-05-03','T2',76),('9523120725','Tri-at-the-Trump Sprint','2019-10-01','T1',113),('9523120725','Tri-at-the-Trump Sprint','2019-10-01','T2',97),('9610978013','Azalea Sprint','2019-03-01','T1',101),('9610978013','Azalea Sprint','2019-03-01','T2',44),('9610978013','Kinetic Cup Olympic','2019-10-19','T1',198),('9610978013','Kinetic Cup Olympic','2019-10-19','T2',109),('9610978013','Liberty Olympic','2019-03-01','T1',121),('9610978013','Liberty Olympic','2019-03-01','T2',53),('9610978013','Luray Olympic','2018-03-01','T1',0),('9610978013','Luray Olympic','2018-03-01','T2',0),('9610978013','Luray Sprint','2018-03-01','T1',94),('9610978013','Luray Sprint','2018-03-01','T2',37),('9610978013','Nationals - Tempe Olympic','2019-03-01','T1',152),('9610978013','Nationals - Tempe Olympic','2019-03-01','T2',90),('9610978013','Patriots Half','2018-03-01','T1',190),('9610978013','Patriots Half','2018-03-01','T2',73),('9610978013','Patriots Sprint','2019-09-07','T1',149),('9610978013','Patriots Sprint','2019-09-07','T2',72),('9671390081','Giant Acorn Olympic','2019-09-21','T1',159),('9671390081','Giant Acorn Olympic','2019-09-21','T2',93),('9671390081','Kinetic Cup Olympic','2019-10-19','T1',218),('9671390081','Kinetic Cup Olympic','2019-10-19','T2',113),('9671390081','Liberty Olympic','2019-03-01','T1',86),('9671390081','Liberty Olympic','2019-03-01','T2',76),('9671390081','Nationals - Tempe Olympic','2019-03-01','T1',152),('9671390081','Nationals - Tempe Olympic','2019-03-01','T2',136),('9671390081','Patriots Olympic','2018-03-01','T1',196),('9671390081','Patriots Olympic','2018-03-01','T2',131),('9671390081','Tri-at-the-Trump Sprint','2019-10-01','T1',77),('9671390081','Tri-at-the-Trump Sprint','2019-10-01','T2',77),('9740530843','Blue Ridge Draft Legal','2023-10-14','T1',100),('9740530843','Blue Ridge Draft Legal','2023-10-14','T2',57),('9740530843','Giant Acorn Olympic','2023-09-23','T1',125),('9740530843','Giant Acorn Olympic','2023-09-23','T2',81),('9740530843','Patriots Sprint','2023-06-18','T1',163),('9740530843','Patriots Sprint','2023-06-18','T2',91);
/*!40000 ALTER TABLE `transitionresults` ENABLE KEYS */;
UNLOCK TABLES;

--
-- Final view structure for view `aggregated_results`
--

/*!50001 DROP VIEW IF EXISTS `aggregated_results`*/;
/*!50001 SET @saved_cs_client          = @@character_set_client */;
/*!50001 SET @saved_cs_results         = @@character_set_results */;
/*!50001 SET @saved_col_connection     = @@collation_connection */;
/*!50001 SET character_set_client      = utf8mb4 */;
/*!50001 SET character_set_results     = utf8mb4 */;
/*!50001 SET collation_connection      = utf8mb4_0900_ai_ci */;
/*!50001 CREATE ALGORITHM=UNDEFINED */
/*!50013 DEFINER=`root`@`localhost` SQL SECURITY DEFINER */
/*!50001 VIEW `aggregated_results` AS with `results` as (select `legresults`.`AthleteID` AS `AthleteID`,`legresults`.`RaceName` AS `RaceName`,`legresults`.`RaceDate` AS `RaceDate`,`race`.`Type` AS `Type`,max((case when (`legresults`.`LegName` = 'swim') then `legresults`.`Time` else 0 end)) AS `swim_time`,max((case when (`transitionresults`.`TName` = 'T1') then `transitionresults`.`Time` else 0 end)) AS `t1_time`,max((case when (`legresults`.`LegName` = 'bike') then `legresults`.`Time` else 0 end)) AS `bike_time`,max((case when (`transitionresults`.`TName` = 'T2') then `transitionresults`.`Time` else 0 end)) AS `t2_time`,max((case when (`legresults`.`LegName` = 'run') then `legresults`.`Time` else 0 end)) AS `run_time`,max(`raceresults`.`TimeTotal`) AS `total_time` from (((`legresults` left join `transitionresults` on(((`legresults`.`AthleteID` = `transitionresults`.`AthleteID`) and (`legresults`.`RaceName` = `transitionresults`.`RaceName`) and (`legresults`.`RaceDate` = `transitionresults`.`RaceDate`)))) left join `raceresults` on(((`legresults`.`AthleteID` = `raceresults`.`AthleteID`) and (`legresults`.`RaceName` = `raceresults`.`RaceName`) and (`legresults`.`RaceDate` = `raceresults`.`RaceDate`)))) left join `race` on(((`legresults`.`RaceName` = `race`.`RaceName`) and (`legresults`.`RaceDate` = `race`.`RaceDate`)))) group by `legresults`.`AthleteID`,`legresults`.`RaceName`,`legresults`.`RaceDate`) select `athlete`.`LastName` AS `LastName`,`athlete`.`FirstName` AS `FirstName`,`athlete`.`AthleteID` AS `AthleteID`,`athlete`.`Sex` AS `Sex`,`results`.`Type` AS `Type`,`results`.`RaceName` AS `RaceName`,`results`.`RaceDate` AS `RaceDate`,`results`.`swim_time` AS `swim_time`,`results`.`t1_time` AS `t1_time`,`results`.`bike_time` AS `bike_time`,`results`.`t2_time` AS `t2_time`,`results`.`run_time` AS `run_time`,`results`.`total_time` AS `total_time` from (`athlete` left join `results` on((`athlete`.`AthleteID` = `results`.`AthleteID`))) where (`results`.`RaceName` is not null) order by `athlete`.`LastName`,`athlete`.`FirstName`,`results`.`RaceDate` desc */;
/*!50001 SET character_set_client      = @saved_cs_client */;
/*!50001 SET character_set_results     = @saved_cs_results */;
/*!50001 SET collation_connection      = @saved_col_connection */;

--
-- Final view structure for view `all_legs`
--

/*!50001 DROP VIEW IF EXISTS `all_legs`*/;
/*!50001 SET @saved_cs_client          = @@character_set_client */;
/*!50001 SET @saved_cs_results         = @@character_set_results */;
/*!50001 SET @saved_col_connection     = @@collation_connection */;
/*!50001 SET character_set_client      = utf8mb4 */;
/*!50001 SET character_set_results     = utf8mb4 */;
/*!50001 SET collation_connection      = utf8mb4_0900_ai_ci */;
/*!50001 CREATE ALGORITHM=UNDEFINED */
/*!50013 DEFINER=`root`@`localhost` SQL SECURITY DEFINER */
/*!50001 VIEW `all_legs` AS with `results` as (select `legresults`.`AthleteID` AS `AthleteID`,`legresults`.`RaceName` AS `RaceName`,`legresults`.`RaceDate` AS `RaceDate`,`legresults`.`Time` AS `Time`,`legresults`.`LegName` AS `LegName` from `legresults`) select `athlete`.`LastName` AS `LastName`,`athlete`.`FirstName` AS `FirstName`,`results`.`RaceName` AS `RaceName`,`results`.`RaceDate` AS `RaceDate`,`results`.`Time` AS `Time`,`results`.`LegName` AS `LegName`,`athlete`.`Sex` AS `Sex` from (`athlete` left join `results` on((`athlete`.`AthleteID` = `results`.`AthleteID`))) where (`results`.`RaceName` is not null) */;
/*!50001 SET character_set_client      = @saved_cs_client */;
/*!50001 SET character_set_results     = @saved_cs_results */;
/*!50001 SET collation_connection      = @saved_col_connection */;
/*!40103 SET TIME_ZONE=@OLD_TIME_ZONE */;

/*!40101 SET SQL_MODE=@OLD_SQL_MODE */;
/*!40014 SET FOREIGN_KEY_CHECKS=@OLD_FOREIGN_KEY_CHECKS */;
/*!40014 SET UNIQUE_CHECKS=@OLD_UNIQUE_CHECKS */;
/*!40101 SET CHARACTER_SET_CLIENT=@OLD_CHARACTER_SET_CLIENT */;
/*!40101 SET CHARACTER_SET_RESULTS=@OLD_CHARACTER_SET_RESULTS */;
/*!40101 SET COLLATION_CONNECTION=@OLD_COLLATION_CONNECTION */;
/*!40111 SET SQL_NOTES=@OLD_SQL_NOTES */;

-- Dump completed on 2024-04-12 18:46:34
